"date","close","volume","open","high","low"
"16:00","9.55","485,406","9.47","9.59","9.47"
"2017/10/13","9.5500","485406.0000","9.5000","9.5900","9.4700"
"2017/10/12","9.3700","254663.0000","9.4100","9.4100","9.3300"
"2017/10/11","9.3700","257987.0000","9.3500","9.3700","9.3100"
"2017/10/10","9.4000","656920.0000","9.3200","9.4200","9.2900"
"2017/10/09","9.2500","174102.0000","9.2500","9.2800","9.2200"
"2017/10/06","9.1800","240078.0000","9.2000","9.2033","9.1300"
"2017/10/05","9.1700","214143.0000","9.2200","9.2300","9.1450"
"2017/10/04","9.2450","480964.0000","9.2400","9.2840","9.2200"
"2017/10/03","9.3600","288130.0000","9.3900","9.3900","9.3000"
"2017/10/02","9.2400","830836.0000","9.2200","9.2500","9.1400"
"2017/09/29","9.4600","661651.0000","9.3500","9.4700","9.3300"
"2017/09/28","9.3300","664768.0000","9.3800","9.4100","9.3100"
"2017/09/27","9.0600","926082.0000","9.1400","9.1600","9.0100"
"2017/09/26","9.1700","532243.0000","9.1800","9.2770","9.1400"
"2017/09/25","9.1900","1764268.0000","9.4100","9.4100","9.1600"
"2017/09/22","9.8100","307597.0000","9.7500","9.8600","9.7500"
"2017/09/21","9.7000","308301.0000","9.7200","9.7400","9.6700"
"2017/09/20","9.6000","811546.0000","9.5400","9.6500","9.4600"
"2017/09/19","9.5300","559016.0000","9.5100","9.5800","9.4800"
"2017/09/18","9.4200","1088227.0000","9.5700","9.5900","9.3800"
"2017/09/15","9.6700","815100.0000","9.7200","9.7700","9.6000"
"2017/09/14","9.8600","739301.0000","9.9200","9.9200","9.7800"
"2017/09/13","10.0600","730652.0000","10.1600","10.1900","10.0400"
"2017/09/12","10.1500","297691.0000","10.1600","10.2200","10.1213"
"2017/09/11","10.1600","245281.0000","10.1900","10.2000","10.1200"
"2017/09/08","10.1400","239608.0000","10.2400","10.2400","10.0700"
"2017/09/07","10.2300","332885.0000","10.2500","10.2700","10.2000"
"2017/09/06","10.0700","1982837.0000","10.1800","10.2400","10.0425"
"2017/09/05","9.9700","841098.0000","10.1600","10.1799","9.8400"
"2017/09/01","10.2200","301753.0000","10.2800","10.2800","10.1400"
"2017/08/31","10.2700","492483.0000","10.2400","10.3255","10.2200"
"2017/08/30","10.3100","752320.0000","10.4900","10.4900","10.2700"
"2017/08/29","10.5200","363520.0000","10.4800","10.5600","10.3100"
"2017/08/28","10.6700","492737.0000","10.5500","10.7400","10.5400"
"2017/08/25","10.5850","279922.0000","10.4300","10.5893","10.4100"
"2017/08/24","10.4100","232694.0000","10.4500","10.4601","10.4100"
"2017/08/23","10.4100","134498.0000","10.4100","10.4400","10.3200"
"2017/08/22","10.4400","550127.0000","10.3900","10.5100","10.3511"
"2017/08/21","10.3700","233845.0000","10.3600","10.4300","10.3300"
"2017/08/18","10.3200","316399.0000","10.2500","10.3900","10.2207"
"2017/08/17","10.2800","540929.0000","10.3700","10.4300","10.2600"
"2017/08/16","10.4900","276972.0000","10.4900","10.5300","10.4300"
"2017/08/15","10.4200","342240.0000","10.3600","10.4200","10.2900"
"2017/08/14","10.4000","135036.0000","10.4000","10.4500","10.3700"
"2017/08/11","10.3100","358491.0000","10.2500","10.3400","10.2500"
"2017/08/10","10.2300","852121.0000","10.3900","10.4400","10.2200"
"2017/08/09","10.4400","282611.0000","10.4200","10.4695","10.4050"
"2017/08/08","10.4700","222629.0000","10.4900","10.5300","10.4500"
"2017/08/07","10.4700","210514.0000","10.4200","10.4900","10.4200"
"2017/08/04","10.5100","243224.0000","10.6000","10.6000","10.4700"
"2017/08/03","10.5600","319222.0000","10.6100","10.6250","10.5499"
"2017/08/02","10.5700","405608.0000","10.5200","10.5700","10.4700"
"2017/08/01","10.4500","620978.0000","10.4000","10.4900","10.3850"
"2017/07/31","10.1800","1221933.0000","10.3400","10.3400","10.1700"
"2017/07/28","10.4000","395189.0000","10.3000","10.4300","10.2300"
"2017/07/27","10.2000","770295.0000","10.5000","10.5000","10.1800"
"2017/07/26","10.6000","374339.0000","10.5500","10.6050","10.4200"
"2017/07/25","10.6300","1077597.0000","10.6700","10.7500","10.6200"
"2017/07/24","10.6700","937867.0000","10.6600","10.7000","10.5907"
"2017/07/21","10.6600","648108.0000","10.7200","10.7400","10.6400"
"2017/07/20","10.7200","345050.0000","10.7800","10.7900","10.7000"
"2017/07/19","10.7700","176637.0000","10.7600","10.7700","10.7100"
"2017/07/18","10.6900","294443.0000","10.7000","10.7667","10.6450"
"2017/07/17","10.7100","472152.0000","10.7400","10.7700","10.6850"
"2017/07/14","10.7400","419649.0000","10.7400","10.7500","10.6400"
"2017/07/13","10.6700","338592.0000","10.6500","10.6700","10.5916"
"2017/07/12","10.5700","991848.0000","10.4500","10.6400","10.4500"
"2017/07/11","10.5400","281199.0000","10.4300","10.5400","10.4000"
"2017/07/10","10.4300","312025.0000","10.4000","10.4511","10.4000"
"2017/07/07","10.3600","453161.0000","10.3600","10.4000","10.3100"
"2017/07/06","10.4500","1117374.0000","10.3900","10.5200","10.3400"
"2017/07/05","10.3400","676192.0000","10.2800","10.3500","10.2500"
"2017/07/03","10.2200","401369.0000","10.1500","10.2400","10.1440"
"2017/06/30","10.1100","1314340.0000","10.1100","10.2000","10.0900"
"2017/06/29","10.0500","471942.0000","10.1900","10.1900","10.0100"
"2017/06/28","10.1500","450172.0000","9.9800","10.1600","9.9800"
"2017/06/27","9.9800","379841.0000","9.9300","10.0600","9.9300"
"2017/06/26","9.8700","728867.0000","9.9800","9.9900","9.8400"
"2017/06/23","9.9000","354909.0000","9.7700","9.9101","9.7500"
"2017/06/22","9.7500","392281.0000","9.7300","9.8300","9.6800"
"2017/06/21","9.8200","328494.0000","9.8400","9.8800","9.7950"
"2017/06/20","9.8500","413381.0000","9.9600","10.0000","9.8200"
"2017/06/19","9.9700","1044324.0000","10.0200","10.0500","9.9450"
"2017/06/16","9.9000","3357898.0000","9.8300","9.9250","9.7800"
"2017/06/15","9.8500","685336.0000","9.6500","9.8500","9.4700"
"2017/06/14","9.7500","817271.0000","9.8100","9.8400","9.6703"
"2017/06/13","9.8100","769671.0000","9.6600","9.8400","9.6600"
"2017/06/12","9.5600","452171.0000","9.5000","9.5700","9.4700"
"2017/06/09","9.4800","556868.0000","9.4500","9.5100","9.3970"
"2017/06/08","9.4500","257594.0000","9.3800","9.4700","9.3799"
"2017/06/07","9.3500","363191.0000","9.4300","9.4400","9.2900"
"2017/06/06","9.4400","554452.0000","9.5600","9.5600","9.4100"
"2017/06/05","9.6700","588310.0000","9.7200","9.7450","9.6400"
"2017/06/02","9.7600","1264657.0000","9.5700","9.7700","9.5600"
"2017/06/01","9.5400","596026.0000","9.4100","9.5600","9.4100"
"2017/05/31","9.2300","1244840.0000","9.4000","9.4000","9.2300"
"2017/05/30","9.4300","529274.0000","9.4800","9.5000","9.3710"
"2017/05/26","9.5000","459152.0000","9.4400","9.5100","9.3762"
"2017/05/25","9.3800","476727.0000","9.4000","9.5000","9.3300"
"2017/05/24","9.4000","713581.0000","9.4800","9.5100","9.3000"
"2017/05/23","9.6900","563109.0000","9.7000","9.7600","9.6500"
"2017/05/22","9.7400","470949.0000","9.6000","9.7500","9.6000"
"2017/05/19","9.6100","497836.0000","9.5900","9.6700","9.5700"
"2017/05/18","9.5500","625209.0000","9.5400","9.6200","9.4900"
"2017/05/17","9.4500","1350524.0000","9.8000","9.8250","9.3500"
"2017/05/16","9.7300","1182019.0000","9.6500","9.7500","9.6200"
"2017/05/15","9.5700","413022.0000","9.5800","9.6200","9.5200"
"2017/05/12","9.5600","566718.0000","9.6200","9.6300","9.5500"
"2017/05/11","9.6900","716942.0000","9.7200","9.7200","9.6300"
"2017/05/10","9.6400","1424283.0000","9.5400","9.7100","9.5150"
"2017/05/09","9.4200","1394735.0000","9.4000","9.4700","9.3300"
"2017/05/08","9.2900","911753.0000","9.3900","9.4000","9.2700"
"2017/05/05","9.4700","1167558.0000","9.2000","9.4800","9.1800"
"2017/05/04","9.2500","1000313.0000","9.2200","9.2500","9.1000"
"2017/05/03","9.2300","1339931.0000","9.0200","9.2500","9.0100"
"2017/05/02","9.0100","1110617.0000","8.8300","9.0200","8.8300"
"2017/05/01","8.6800","528190.0000","8.6200","8.7000","8.5700"
"2017/04/28","8.5700","638086.0000","8.5500","8.6000","8.4800"
"2017/04/27","8.4700","328024.0000","8.5300","8.5300","8.4489"
"2017/04/26","8.5300","368894.0000","8.4700","8.5600","8.4600"
"2017/04/25","8.4700","863458.0000","8.3800","8.4800","8.3600"
"2017/04/24","8.2500","430266.0000","8.1700","8.2600","8.0900"
"2017/04/21","7.9200","206003.0000","7.9800","7.9800","7.8900"
"2017/04/20","8.0200","303121.0000","8.0200","8.1200","8.0000"
"2017/04/19","7.9800","341500.0000","8.0700","8.1200","7.9700"
"2017/04/18","7.9800","279798.0000","8.0300","8.0400","7.9300"
"2017/04/17","8.0700","255832.0000","8.0300","8.1400","8.0300"
"2017/04/13","8.0300","196126.0000","8.1400","8.1500","8.0100"
"2017/04/12","8.1700","280317.0000","8.1300","8.1800","8.1000"
"2017/04/11","8.1400","253702.0000","8.1500","8.1500","8.0500"
"2017/04/10","8.1500","423313.0000","8.1500","8.1800","8.0778"
"2017/04/07","8.1900","545947.0000","8.1600","8.2000","8.1300"
"2017/04/06","8.0400","233666.0000","8.0500","8.0601","8.0000"
"2017/04/05","7.9900","280722.0000","8.0700","8.0900","7.9900"
"2017/04/04","8.0400","175145.0000","8.0600","8.1000","7.9800"
"2017/04/03","8.0000","532797.0000","8.0000","8.0400","7.9600"
"2017/03/31","7.9600","627599.0000","8.0400","8.1000","7.9500"
"2017/03/30","8.1100","407111.0000","8.1000","8.1700","8.0900"
"2017/03/29","8.1100","220185.0000","8.1400","8.1400","8.0800"
"2017/03/28","8.1500","451353.0000","8.0300","8.1500","8.0200"
"2017/03/27","7.9000","284279.0000","7.8900","7.9400","7.8500"
"2017/03/24","7.6900","162007.0000","7.7200","7.7400","7.6600"
"2017/03/23","7.7300","134120.0000","7.7600","7.7993","7.7300"
"2017/03/22","7.7600","160616.0000","7.7200","7.7800","7.7000"
"2017/03/21","7.7200","223486.0000","7.8800","7.8900","7.7200"
"2017/03/20","7.8360","215123.0000","7.8700","7.8900","7.8000"
"2017/03/17","7.8700","338487.0000","7.8400","7.9000","7.8050"
"2017/03/16","7.7400","166279.0000","7.8000","7.8100","7.7200"
"2017/03/15","7.7200","155328.0000","7.6900","7.7500","7.6110"
"2017/03/14","7.7500","334028.0000","7.7700","7.7900","7.6200"
"2017/03/13","7.9100","349011.0000","7.8800","7.9400","7.8500"
"2017/03/10","7.9000","253329.0000","7.8100","7.9000","7.7990"
"2017/03/09","7.7550","155232.0000","7.7600","7.8300","7.7500"
"2017/03/08","7.7600","185460.0000","7.8100","7.8400","7.7300"
"2017/03/07","7.7600","168394.0000","7.7400","7.7800","7.7100"
"2017/03/06","7.7600","183285.0000","7.7500","7.8000","7.7000"
"2017/03/03","7.8500","205091.0000","7.8200","7.8500","7.7850"
"2017/03/02","7.8200","268215.0000","7.9000","7.9200","7.8100"
"2017/03/01","7.9048","246356.0000","7.8100","7.9500","7.8000"
"2017/02/28","7.7100","369043.0000","7.7800","7.8100","7.7000"
"2017/02/27","7.7700","226087.0000","7.7600","7.7800","7.7102"
"2017/02/24","7.7100","579469.0000","7.7500","7.7800","7.7000"
"2017/02/23","7.7600","154913.0000","7.7400","7.8200","7.7400"
"2017/02/22","7.7700","267928.0000","7.7800","7.8300","7.7100"
"2017/02/21","7.8600","585092.0000","7.7900","7.9000","7.7900"
"2017/02/17","7.7200","319560.0000","7.6300","7.7300","7.6300"
"2017/02/16","7.5900","537547.0000","7.5700","7.6600","7.5700"
"2017/02/15","7.5650","230782.0000","7.5800","7.6000","7.5200"
"2017/02/14","7.6700","367963.0000","7.6300","7.7000","7.6100"
"2017/02/13","7.5800","212134.0000","7.6100","7.6300","7.5400"
"2017/02/10","7.6300","456303.0000","7.6000","7.7200","7.5800"
"2017/02/09","7.4500","384422.0000","7.4900","7.5000","7.4100"
"2017/02/08","7.4300","773247.0000","7.4800","7.5200","7.4000"
"2017/02/07","7.6300","273260.0000","7.7200","7.7200","7.6000"
"2017/02/06","7.7000","413275.0000","7.7400","7.7630","7.6500"
"2017/02/03","7.8800","802664.0000","7.7500","7.9280","7.7500"
"2017/02/02","7.7300","609233.0000","7.7100","7.8000","7.7000"
"2017/02/01","7.6400","295996.0000","7.6700","7.7000","7.5700"
"2017/01/31","7.5700","633541.0000","7.5800","7.6900","7.5200"
"2017/01/30","7.6150","546249.0000","7.7000","7.7000","7.5500"
"2017/01/27","7.9100","235466.0000","7.9800","8.0000","7.8700"
"2017/01/26","8.1800","225770.0000","8.2700","8.2700","8.1200"
"2017/01/25","8.2400","439350.0000","8.1600","8.2500","8.1600"
"2017/01/24","8.0800","375267.0000","7.9900","8.1100","7.9600"
"2017/01/23","7.9000","583015.0000","7.8800","7.9400","7.8300"
"2017/01/20","7.9100","238690.0000","7.8300","7.9300","7.8300"
"2017/01/19","7.8200","342163.0000","7.8200","7.8601","7.7700"
"2017/01/18","7.9700","143534.0000","7.9300","7.9712","7.9000"
"2017/01/17","7.9500","203429.0000","8.0000","8.0000","7.9300"
"2017/01/13","8.0400","357171.0000","8.0800","8.1001","8.0100"
"2017/01/12","8.2000","359861.0000","8.2000","8.2900","8.1600"
"2017/01/11","8.1500","253542.0000","8.0530","8.1500","8.0100"
"2017/01/10","8.0700","311454.0000","8.1400","8.1400","8.0500"
"2017/01/09","8.1350","173006.0000","8.1100","8.1500","8.0100"
"2017/01/06","8.1700","227273.0000","8.1400","8.1800","8.0400"
"2017/01/05","8.1800","329967.0000","8.1100","8.1800","8.0500"
"2017/01/04","8.1500","377943.0000","8.0600","8.1700","8.0200"
"2017/01/03","8.0400","605013.0000","7.9000","8.0500","7.8900"
"2016/12/30","7.7900","716970.0000","7.8200","7.8800","7.7640"
"2016/12/29","7.7000","310366.0000","7.6800","7.7900","7.6800"
"2016/12/28","7.7000","169081.0000","7.7000","7.8000","7.6200"
"2016/12/27","7.9000","290884.0000","7.9200","7.9300","7.8200"
"2016/12/23","7.7600","115987.0000","7.8300","7.8300","7.7500"
"2016/12/22","7.7700","303469.0000","7.8000","7.8300","7.7650"
"2016/12/21","7.8300","261222.0000","7.7600","7.8900","7.7600"
"2016/12/20","7.6500","181913.0000","7.6500","7.7100","7.6300"
"2016/12/19","7.5600","446298.0000","7.7900","7.8400","7.5600"
"2016/12/16","7.8000","321908.0000","7.8200","7.9399","7.8000"
"2016/12/15","7.5900","516833.0000","7.5700","7.6600","7.5200"
"2016/12/14","7.7000","686232.0000","8.0000","8.0100","7.6900"
"2016/12/13","8.1700","349435.0000","8.1600","8.2200","8.1400"
"2016/12/12","8.2000","439642.0000","8.2600","8.2600","8.1600"
"2016/12/09","8.2400","317091.0000","8.1200","8.2400","8.1000"
"2016/12/08","8.3100","578682.0000","8.3400","8.3900","8.2100"
"2016/12/07","8.4300","640745.0000","8.2000","8.4300","8.2000"
"2016/12/06","8.1000","329005.0000","8.0100","8.1200","7.9600"
"2016/12/05","8.0400","606173.0000","7.9900","8.0500","7.9501"
"2016/12/02","7.8900","436411.0000","7.9000","7.9200","7.8500"
"2016/12/01","7.8700","533489.0000","7.9000","7.9000","7.8000"
"2016/11/30","7.9300","1964314.0000","7.9200","8.0150","7.8835"
"2016/11/29","7.7900","249770.0000","7.6100","7.8000","7.6100"
"2016/11/28","7.5900","450974.0000","7.6900","7.6900","7.5500"
"2016/11/25","7.9200","475976.0000","7.9200","7.9300","7.8600"
"2016/11/23","8.0200","254123.0000","8.0000","8.0600","7.9100"
"2016/11/22","8.0500","512348.0000","8.0000","8.0855","7.9200"
"2016/11/21","7.8500","1539118.0000","7.7200","7.8700","7.7200"
"2016/11/18","7.6300","251110.0000","7.6900","7.7300","7.5601"
"2016/11/17","7.5200","662610.0000","7.4600","7.6100","7.4500"
"2016/11/16","7.3889","380566.0000","7.2800","7.4501","7.2800"
"2016/11/15","7.2800","198703.0000","7.1300","7.2900","7.1200"
"2016/11/14","7.1700","236934.0000","7.1800","7.2600","7.1300"
"2016/11/11","7.2300","726316.0000","7.2500","7.3600","7.1850"
"2016/11/10","7.2500","325306.0000","7.3600","7.4191","7.2200"
"2016/11/09","7.3700","341640.0000","7.2900","7.4200","7.2100"
"2016/11/08","7.4400","290167.0000","7.3200","7.5000","7.2700"
"2016/11/07","7.3600","261122.0000","7.3800","7.3800","7.2100"
"2016/11/04","7.1400","361161.0000","7.2400","7.2400","7.1200"
"2016/11/03","7.2000","109008.0000","7.2700","7.2800","7.1700"
"2016/11/02","7.3300","152929.0000","7.2600","7.3400","7.1908"
"2016/11/01","7.1700","265730.0000","7.2400","7.3600","7.1500"
"2016/10/31","7.2800","227363.0000","7.2500","7.3500","7.2400"
"2016/10/28","7.2900","45333.0000","7.3400","7.3700","7.2500"
"2016/10/27","7.3100","76245.0000","7.2900","7.3200","7.2400"
"2016/10/26","7.3400","89603.0000","7.2500","7.3400","7.2500"
"2016/10/25","7.2600","154083.0000","7.3000","7.3100","7.2200"
"2016/10/24","7.3300","155522.0000","7.4300","7.4300","7.2800"
"2016/10/21","7.4399","62043.0000","7.4400","7.4400","7.3500"
"2016/10/20","7.4600","234342.0000","7.3900","7.4900","7.3500"
"2016/10/19","7.4600","85732.0000","7.4200","7.4800","7.3890"
"2016/10/18","7.4599","181760.0000","7.3600","7.4700","7.3300"
"2016/10/17","7.2500","225470.0000","7.2800","7.3500","7.2300"
"2016/10/14","7.3200","114213.0000","7.4000","7.4500","7.2800"
"2016/10/13","7.3800","146860.0000","7.2400","7.3999","7.2000"
"2016/10/12","7.3400","76810.0000","7.3200","7.3600","7.3000"
"2016/10/11","7.3200","165061.0000","7.4000","7.4300","7.2750"
"2016/10/10","7.4050","315102.0000","7.3900","7.4700","7.3700"
"2016/10/07","7.2900","152367.0000","7.2600","7.3258","7.2200"
"2016/10/06","7.1900","375533.0000","7.2100","7.2700","7.1800"
"2016/10/05","7.2699","97089.0000","7.2300","7.3100","7.1900"
"2016/10/04","7.2100","158441.0000","7.2500","7.3479","7.1800"
"2016/10/03","7.2000","216316.0000","7.1900","7.2400","7.1000"
"2016/09/30","7.1800","248041.0000","7.0500","7.2000","7.0500"
"2016/09/29","7.0000","168519.0000","7.1300","7.2200","7.0000"
"2016/09/28","7.1600","109251.0000","7.1400","7.2000","7.0600"
"2016/09/27","7.1600","115889.0000","7.1300","7.1800","7.0600"
"2016/09/26","7.1600","144638.0000","7.1600","7.2300","7.1100"
"2016/09/23","7.2700","76774.0000","7.3000","7.3600","7.2495"
"2016/09/22","7.2300","247250.0000","7.3100","7.3500","7.2300"
"2016/09/21","7.1400","207504.0000","7.0500","7.2300","7.0400"
"2016/09/20","6.9900","176336.0000","7.0200","7.0800","6.9900"
"2016/09/19","6.9800","164702.0000","7.0200","7.0900","6.9790"
"2016/09/16","7.0000","140908.0000","6.9900","7.0300","6.9400"
"2016/09/15","6.9900","361780.0000","7.0000","7.0100","6.9000"
"2016/09/14","7.0000","167652.0000","7.0800","7.0858","7.0000"
"2016/09/13","7.0100","365476.0000","7.1800","7.1890","7.0000"
"2016/09/12","7.2200","315059.0000","7.1600","7.2500","7.1100"
"2016/09/09","7.1900","195503.0000","7.3900","7.3900","7.1600"
"2016/09/08","7.5100","134503.0000","7.4600","7.5200","7.4300"
"2016/09/07","7.4800","72096.0000","7.4300","7.4900","7.4000"
"2016/09/06","7.5300","377669.0000","7.5000","7.5400","7.4100"
"2016/09/02","7.6200","439820.0000","7.5000","7.6698","7.4993"
"2016/09/01","7.4900","471811.0000","7.3700","7.4900","7.3414"
"2016/08/31","7.3500","268519.0000","7.3800","7.4300","7.2578"
"2016/08/30","7.1100","108618.0000","7.1400","7.2000","7.1100"
"2016/08/29","7.1600","156324.0000","7.1300","7.2200","7.1100"
"2016/08/26","7.2000","200022.0000","7.2800","7.4400","7.1500"
"2016/08/25","7.3300","223899.0000","7.3500","7.3700","7.2800"
"2016/08/24","7.3500","123141.0000","7.3800","7.4000","7.3100"
"2016/08/23","7.3400","79066.0000","7.4000","7.4500","7.3360"
"2016/08/22","7.3100","89503.0000","7.3800","7.3800","7.3100"
"2016/08/19","7.4000","83879.0000","7.3900","7.4499","7.2901"
"2016/08/18","7.4100","132771.0000","7.3900","7.4500","7.0900"
"2016/08/17","7.3600","80040.0000","7.3400","7.4400","7.2601"
"2016/08/16","7.3700","220593.0000","7.3600","7.4295","7.3500"
"2016/08/15","7.3600","156799.0000","7.3000","7.4000","7.3000"
"2016/08/12","7.3100","73830.0000","7.3000","7.3600","7.2800"
"2016/08/11","7.3200","203177.0000","7.2000","7.3700","7.1500"
"2016/08/10","7.2400","200052.0000","7.2800","7.2900","7.2121"
"2016/08/09","7.2400","198954.0000","7.2000","7.2600","7.1501"
"2016/08/08","7.1900","285519.0000","7.2000","7.2700","7.1500"
"2016/08/05","7.2100","144332.0000","7.1500","7.2500","7.1350"
"2016/08/04","7.1500","137060.0000","7.1500","7.2000","7.1200"
"2016/08/03","7.1400","182940.0000","7.0100","7.1500","6.9700"
"2016/08/02","7.1300","288280.0000","7.1500","7.1600","7.0194"
"2016/08/01","7.3300","234265.0000","7.4400","7.5100","7.3200"
"2016/07/29","7.5100","344265.0000","7.3000","7.5200","7.2600"
"2016/07/28","7.2377","187952.0000","7.2600","7.2800","7.1500"
"2016/07/27","7.3200","122221.0000","7.2700","7.3350","7.1801"
"2016/07/26","7.2800","91673.0000","7.2200","7.3000","7.2200"
"2016/07/25","7.2750","579643.0000","7.2800","7.3700","7.2620"
"2016/07/22","7.3500","79945.0000","7.2700","7.3500","7.2700"
"2016/07/21","7.3000","100460.0000","7.3100","7.3300","7.2700"
"2016/07/20","7.3300","189710.0000","7.2900","7.3500","7.2680"
"2016/07/19","7.2600","132979.0000","7.2900","7.2990","7.2300"
"2016/07/18","7.2600","244916.0000","7.1300","7.2950","7.1100"
"2016/07/15","7.1900","296140.0000","7.2500","7.2700","7.1500"
"2016/07/14","7.3500","327933.0000","7.3500","7.3800","7.2600"
"2016/07/13","7.2900","622605.0000","7.2400","7.3500","7.2300"
"2016/07/12","7.1900","368058.0000","7.1500","7.2000","7.0600"
"2016/07/11","7.0100","280100.0000","6.9000","7.0500","6.9000"
"2016/07/08","6.8800","242686.0000","6.7600","6.8800","6.7600"
"2016/07/07","6.6900","269890.0000","6.7500","6.7700","6.6000"
"2016/07/06","6.7900","177344.0000","6.5400","6.7900","6.5400"
"2016/07/05","6.6100","464808.0000","6.7100","6.7550","6.5301"
"2016/07/01","7.0397","543008.0000","6.9200","7.1000","6.9100"
"2016/06/30","7.2300","812327.0000","6.9500","7.2300","6.7700"
"2016/06/29","6.9100","537922.0000","6.8900","6.9299","6.8100"
"2016/06/28","6.8400","550274.0000","6.8100","6.8799","6.7100"
"2016/06/27","6.4100","1689304.0000","6.6800","6.7000","6.3700"
"2016/06/24","6.9300","1971590.0000","6.8700","7.0300","6.6600"
"2016/06/23","8.2911","481027.0000","8.2300","8.3250","8.1200"
"2016/06/22","7.9200","688739.0000","7.9600","8.0898","7.9000"
"2016/06/21","7.9600","223111.0000","8.0100","8.0200","7.9001"
"2016/06/20","7.9500","1343806.0000","7.8600","8.0100","7.8300"
"2016/06/17","7.5700","332536.0000","7.4800","7.6200","7.4600"
"2016/06/16","7.2300","658115.0000","7.1000","7.2600","6.9700"
"2016/06/15","7.4100","450700.0000","7.5100","7.5100","7.3700"
"2016/06/14","7.5400","571619.0000","7.6400","7.7000","7.4500"
"2016/06/13","7.6300","750519.0000","7.8300","7.8300","7.6000"
"2016/06/10","8.0450","2760347.0000","8.3200","8.3200","8.0102"
"2016/06/09","8.6600","401843.0000","8.6900","8.7000","8.5700"
"2016/06/08","8.7200","459601.0000","8.7900","8.8300","8.7100"
"2016/06/07","8.8500","814961.0000","8.7000","8.9400","8.7000"
"2016/06/06","8.6700","383812.0000","8.6900","8.7400","8.5500"
"2016/06/03","8.6500","1051831.0000","8.6000","8.6900","8.5700"
"2016/06/02","8.4200","536535.0000","8.4100","8.4700","8.3200"
"2016/06/01","8.5200","347167.0000","8.4900","8.5800","8.4200"
"2016/05/31","8.4100","1276865.0000","8.7300","8.7899","8.3500"
"2016/05/27","8.5000","733279.0000","8.7100","8.7100","8.4500"
"2016/05/26","8.7000","430866.0000","8.7200","8.7800","8.6400"
"2016/05/25","8.6700","1358319.0000","8.7000","8.7700","8.6000"
"2016/05/24","8.9500","1765372.0000","8.8300","8.9525","8.7000"
"2016/05/23","9.0300","1769719.0000","8.9000","9.0600","8.8000"
"2016/05/20","8.6800","786529.0000","8.5900","8.6800","8.5800"
"2016/05/19","8.3700","273029.0000","8.4000","8.4045","8.2800"
"2016/05/18","8.4700","385927.0000","8.4100","8.5700","8.4100"
"2016/05/17","8.4800","407850.0000","8.4400","8.5600","8.3900"
"2016/05/16","8.3500","357639.0000","8.3800","8.3800","8.2900"
"2016/05/13","8.2600","383449.0000","8.4700","8.4800","8.2000"
"2016/05/12","8.5200","366684.0000","8.6200","8.6800","8.4600"
"2016/05/11","8.4500","355986.0000","8.4900","8.5090","8.4000"
"2016/05/10","8.5100","1193856.0000","8.5800","8.6100","8.4500"
"2016/05/09","8.3600","1616492.0000","8.1100","8.3800","8.1100"
"2016/05/06","8.1200","354335.0000","8.1800","8.2600","8.0764"
"2016/05/05","8.0500","504661.0000","8.0500","8.1189","8.0100"
"2016/05/04","7.8000","797558.0000","7.8100","7.9700","7.7700"
"2016/05/03","7.5700","259319.0000","7.7500","7.7700","7.5690"
"2016/05/02","7.8400","262458.0000","7.8400","7.8800","7.7323"
"2016/04/29","7.8500","774578.0000","7.6500","7.8500","7.6500"
"2016/04/28","7.6500","763753.0000","7.7300","7.7800","7.6400"
"2016/04/27","7.7400","592469.0000","7.8100","7.8300","7.7100"
"2016/04/26","8.0200","467146.0000","8.1300","8.1300","7.9600"
"2016/04/25","8.0700","344608.0000","8.1700","8.1700","8.0201"
"2016/04/22","8.2500","540894.0000","8.1000","8.2500","8.0500"
"2016/04/21","8.0500","431587.0000","7.8500","8.1000","7.8500"
"2016/04/20","7.7500","682708.0000","7.7500","7.7900","7.6800"
"2016/04/19","7.7163","367412.0000","7.6800","7.7500","7.6500"
"2016/04/18","7.6100","233163.0000","7.5100","7.6300","7.5000"
"2016/04/15","7.5000","492162.0000","7.5500","7.6250","7.4800"
"2016/04/14","7.1800","171486.0000","7.0600","7.2000","7.0600"
"2016/04/13","7.1700","179603.0000","7.0900","7.1800","7.0500"
"2016/04/12","7.2600","198091.0000","7.1600","7.2900","7.1500"
"2016/04/11","7.2700","196766.0000","7.3000","7.3700","7.2600"
"2016/04/08","7.1800","336632.0000","7.2600","7.3200","7.1700"
"2016/04/07","7.0500","273628.0000","7.1900","7.1900","7.0100"
"2016/04/06","7.2700","260028.0000","7.2300","7.2800","7.1200"
"2016/04/05","7.1900","262948.0000","7.2300","7.2530","7.1700"
"2016/04/04","7.2800","275849.0000","7.4400","7.4400","7.2800"
"2016/04/01","7.6000","218418.0000","7.4600","7.6000","7.3800"
"2016/03/31","7.5300","246534.0000","7.4500","7.6600","7.4500"
"2016/03/30","7.5400","297152.0000","7.5400","7.6180","7.5005"
"2016/03/29","7.4500","411322.0000","7.2900","7.4800","7.2700"
"2016/03/28","7.1400","97719.0000","7.1600","7.2489","7.0810"
"2016/03/24","7.0500","260606.0000","7.0000","7.1400","7.0000"
"2016/03/23","6.9800","264969.0000","7.1300","7.2400","6.9601"
"2016/03/22","6.9800","231918.0000","7.0100","7.1000","6.9300"
"2016/03/21","7.0400","302440.0000","7.1200","7.1500","7.0200"
"2016/03/18","7.2700","734749.0000","7.4200","7.4200","7.1750"
"2016/03/17","7.4800","256531.0000","7.4300","7.5200","7.4100"
"2016/03/16","7.5500","292237.0000","7.3200","7.5700","7.2400"
"2016/03/15","7.5300","359344.0000","7.4500","7.5500","7.4000"
"2016/03/14","7.3800","124919.0000","7.4600","7.4600","7.3500"
"2016/03/11","7.4300","275822.0000","7.4300","7.4515","7.3100"
"2016/03/10","7.2400","713770.0000","7.2100","7.3700","7.0900"
"2016/03/09","7.0600","167437.0000","7.1100","7.1300","6.9700"
"2016/03/08","7.2500","273463.0000","7.3700","7.3900","7.2200"
"2016/03/07","7.4000","565440.0000","6.9400","7.4300","6.9400"
"2016/03/04","7.1200","409971.0000","7.1600","7.2196","7.1100"
"2016/03/03","7.1199","466661.0000","6.9400","7.1300","6.9400"
"2016/03/02","6.8800","343753.0000","6.7500","6.9000","6.7050"
"2016/03/01","6.6000","178822.0000","6.4500","6.6299","6.4400"
"2016/02/29","6.4500","219381.0000","6.4000","6.4900","6.3800"
"2016/02/26","6.2800","349231.0000","6.2600","6.4200","6.2600"
"2016/02/25","6.1200","107364.0000","6.1100","6.1600","6.0400"
"2016/02/24","6.0100","229308.0000","6.0200","6.0400","5.9400"
"2016/02/23","6.1600","99626.0000","6.2500","6.2600","6.1400"
"2016/02/22","6.2100","312274.0000","6.2300","6.2700","6.1211"
"2016/02/19","6.1600","161246.0000","6.2000","6.2490","6.1000"
"2016/02/18","6.3900","312822.0000","6.4100","6.4601","6.3100"
"2016/02/17","6.4300","449783.0000","6.3700","6.4900","6.3300"
"2016/02/16","6.2500","487742.0000","6.2400","6.3500","6.2100"
"2016/02/12","5.8600","350392.0000","5.8100","5.8600","5.8100"
"2016/02/11","5.6800","540432.0000","5.6100","5.7400","5.5601"
"2016/02/10","5.6700","556716.0000","5.8800","5.9300","5.6400"
"2016/02/09","5.7800","763958.0000","5.7500","6.0000","5.7500"
"2016/02/08","6.0000","899868.0000","5.9000","6.0500","5.8000"
"2016/02/05","6.4000","315877.0000","6.5500","6.5500","6.3300"
"2016/02/04","6.6100","350007.0000","6.5600","6.6900","6.4400"
"2016/02/03","6.9300","305705.0000","6.8400","6.9800","6.6600"
"2016/02/02","6.9600","175139.0000","7.0600","7.0800","6.9400"
"2016/02/01","7.2000","175564.0000","7.1000","7.2400","7.0201"
"2016/01/29","7.0700","807195.0000","6.9200","7.2000","6.8000"
"2016/01/28","6.8600","257762.0000","6.7700","6.8899","6.7200"
"2016/01/27","6.8300","209762.0000","6.8200","6.9300","6.7800"
"2016/01/26","6.8300","301293.0000","6.7200","6.8600","6.7000"
"2016/01/25","6.5700","176138.0000","6.6700","6.6700","6.5400"
"2016/01/22","6.6600","484050.0000","6.6900","6.7300","6.5700"
"2016/01/21","6.5000","145736.0000","6.5900","6.6000","6.4200"
"2016/01/20","6.5600","877011.0000","6.6100","6.6300","6.3501"
"2016/01/19","6.9100","481383.0000","6.9700","7.0500","6.8500"
"2016/01/15","7.1000","584724.0000","7.2000","7.2600","6.9603"
"2016/01/14","7.4600","254636.0000","7.3300","7.4600","7.3300"
"2016/01/13","7.3300","383962.0000","7.5200","7.5350","7.2900"
"2016/01/12","7.5200","112098.0000","7.5000","7.5800","7.4601"
"2016/01/11","7.3700","422205.0000","7.5000","7.5900","7.3200"
"2016/01/08","7.2600","393689.0000","7.5200","7.5200","7.2040"
"2016/01/07","7.3400","680029.0000","7.5200","7.5450","7.3300"
"2016/01/06","7.6300","389624.0000","7.7500","7.7714","7.6200"
"2016/01/05","7.8700","155330.0000","7.9200","7.9600","7.8600"
"2016/01/04","8.0600","201206.0000","8.0600","8.0600","7.9100"
"2015/12/31","7.9600","430574.0000","8.1000","8.1600","7.9600"
"2015/12/30","7.9700","404383.0000","8.0600","8.1500","7.9700"
"2015/12/29","8.1400","343409.0000","8.1100","8.1800","8.1000"
"2015/12/28","8.2300","244043.0000","8.0800","8.2800","8.0800"
"2015/12/24","8.1900","245465.0000","8.2400","8.2750","8.1300"
"2015/12/23","8.2600","290817.0000","8.2600","8.3300","8.2000"
"2015/12/22","8.3300","86658.0000","8.3400","8.3400","8.2500"
"2015/12/21","8.2800","194921.0000","8.2800","8.3900","8.2400"
"2015/12/18","8.3300","401649.0000","8.3000","8.4100","8.1490"
"2015/12/17","8.2900","1016716.0000","8.3500","8.3700","8.2500"
"2015/12/16","8.3200","361958.0000","8.1800","8.3300","8.1600"
"2015/12/15","7.9600","405685.0000","8.0400","8.0600","7.9500"
"2015/12/14","8.0500","347553.0000","8.0200","8.1000","7.9700"
"2015/12/11","8.1000","488566.0000","8.0400","8.2000","8.0400"
"2015/12/10","8.1600","991924.0000","8.1200","8.2100","8.1000"
"2015/12/09","8.0700","511045.0000","8.0500","8.0900","7.9700"
"2015/12/08","8.2500","560631.0000","8.2400","8.2700","8.1600"
"2015/12/07","8.5400","304459.0000","8.4300","8.5600","8.4100"
"2015/12/04","8.5700","272781.0000","8.4800","8.6000","8.4100"
"2015/12/03","8.5500","801192.0000","8.6200","8.7000","8.4100"
"2015/12/02","8.5800","648960.0000","8.7900","8.7900","8.5410"
"2015/12/01","8.8000","323131.0000","8.7700","8.9100","8.7500"
"2015/11/30","8.7100","1162345.0000","8.8000","8.9000","8.6000"
"2015/11/27","8.9100","133559.0000","9.0300","9.0300","8.9100"
"2015/11/25","8.9200","407685.0000","9.0200","9.0300","8.9100"
"2015/11/24","9.0300","323958.0000","9.0000","9.0699","8.9500"
"2015/11/23","9.0300","272203.0000","8.9900","9.1000","8.9300"
"2015/11/20","9.0900","979653.0000","9.3500","9.3600","9.0600"
"2015/11/19","9.5000","1009185.0000","9.4400","9.5600","9.3900"
"2015/11/18","9.4600","1125317.0000","9.3300","9.5800","9.3300"
"2015/11/17","9.3300","1355284.0000","9.3000","9.3900","9.1700"
"2015/11/16","9.3200","361088.0000","9.1400","9.3200","9.0700"
"2015/11/13","9.1800","1079648.0000","9.2700","9.2800","9.1000"
"2015/11/12","9.3300","558852.0000","9.3800","9.4000","9.2700"
"2015/11/11","9.4800","211031.0000","9.5100","9.5500","9.4201"
"2015/11/10","9.5200","418450.0000","9.4800","9.5800","9.4300"
"2015/11/09","9.5800","682692.0000","9.7800","9.7999","9.5500"
"2015/11/06","9.6800","662946.0000","9.8400","9.8500","9.5800"
"2015/11/05","9.8800","865290.0000","10.1400","10.1400","9.8800"
"2015/11/04","10.3500","498856.0000","10.4800","10.5800","10.3000"
"2015/11/03","10.8700","233801.0000","10.6500","10.9900","10.6400"
"2015/11/02","10.9000","444339.0000","10.7000","10.9050","10.6000"
"2015/10/30","10.5000","345728.0000","10.3500","10.5000","10.2700"
"2015/10/29","10.5700","180742.0000","10.6400","10.6400","10.4300"
"2015/10/28","10.6900","204601.0000","10.7800","10.8400","10.6300"
"2015/10/27","10.7400","217380.0000","10.7600","10.8600","10.6800"
"2015/10/26","10.6800","196194.0000","10.6600","10.7199","10.5300"
"2015/10/23","10.7300","319430.0000","10.6900","10.7400","10.5900"
"2015/10/22","10.9000","813732.0000","10.7000","10.9697","10.5500"
"2015/10/21","10.8300","1411539.0000","10.5600","10.8800","10.5600"
"2015/10/20","10.5100","418714.0000","10.3900","10.5200","10.3900"
"2015/10/19","10.3500","167738.0000","10.3100","10.4838","10.3100"
"2015/10/16","10.4700","660233.0000","10.4200","10.5200","10.4200"
"2015/10/15","10.5400","679956.0000","10.4700","10.5700","10.3400"
"2015/10/14","10.0600","150850.0000","10.1700","10.2499","10.0100"
"2015/10/13","10.1600","466194.0000","10.2500","10.2800","10.1100"
"2015/10/12","10.2601","252831.0000","10.3500","10.4000","10.2101"
"2015/10/09","10.3100","258391.0000","10.2400","10.3700","10.2000"
"2015/10/08","10.3700","490757.0000","10.1500","10.4200","10.0490"
"2015/10/07","10.2100","366445.0000","10.1500","10.2500","10.0800"
"2015/10/06","10.0800","627598.0000","9.9100","10.1450","9.9100"
"2015/10/05","9.8800","417136.0000","9.7000","9.9500","9.7000"
"2015/10/02","9.5300","318645.0000","9.3200","9.5700","9.2200"
"2015/10/01","9.3000","344532.0000","9.3300","9.4500","9.1400"
"2015/09/30","9.6100","305727.0000","9.5700","9.6200","9.3100"
"2015/09/29","9.3600","272431.0000","9.3500","9.4400","9.3401"
"2015/09/28","9.3200","580243.0000","9.6200","9.6400","9.3100"
"2015/09/25","9.7300","316064.0000","9.8400","9.8900","9.6500"
"2015/09/24","9.7400","224038.0000","9.7900","9.7900","9.5800"
"2015/09/23","9.7100","235452.0000","9.8000","9.8800","9.7000"
"2015/09/22","9.8700","401670.0000","10.0000","10.0198","9.8000"
"2015/09/21","10.1600","620400.0000","10.4900","10.4900","10.1600"
"2015/09/18","10.5600","768606.0000","10.3100","10.7450","10.2601"
"2015/09/17","10.3600","429691.0000","10.3300","10.5300","10.3300"
"2015/09/16","10.5100","699031.0000","10.2200","10.5700","10.2200"
"2015/09/15","10.1900","354180.0000","10.0700","10.2000","10.0500"
"2015/09/14","10.1600","828974.0000","9.9600","10.1800","9.8121"
"2015/09/11","10.1700","408925.0000","10.0000","10.2300","9.9401"
"2015/09/10","10.0800","489726.0000","9.8300","10.0800","9.7100"
"2015/09/09","9.5900","397123.0000","9.9700","9.9700","9.5600"
"2015/09/08","9.9400","878367.0000","9.7000","9.9700","9.7000"
"2015/09/04","9.3400","549255.0000","9.4700","9.4700","9.2800"
"2015/09/03","9.4700","546924.0000","9.5400","9.6200","9.4300"
"2015/09/02","9.4000","426824.0000","9.0500","9.4100","9.0500"
"2015/09/01","9.0300","531664.0000","9.0600","9.1500","8.9500"
"2015/08/31","9.2000","309880.0000","9.4000","9.4000","9.2000"
"2015/08/28","9.5000","269624.0000","9.6700","9.6700","9.4000"
"2015/08/27","9.5800","806515.0000","9.3800","9.6500","9.2800"
"2015/08/26","9.3600","905098.0000","9.2600","9.3800","8.9400"
"2015/08/25","8.9400","747272.0000","9.6200","9.6200","8.8700"
"2015/08/24","8.7600","2089269.0000","8.6200","9.3000","8.1300"
"2015/08/21","9.4000","841986.0000","9.5200","9.5984","9.2500"
"2015/08/20","9.6600","622651.0000","9.8000","9.8500","9.6300"
"2015/08/19","9.9300","437211.0000","10.0400","10.0500","9.8093"
"2015/08/18","10.0500","288248.0000","10.0300","10.1099","10.0000"
"2015/08/17","10.1500","407885.0000","10.1600","10.2100","10.0200"
"2015/08/14","10.0000","803337.0000","10.1400","10.1400","9.8000"
"2015/08/13","10.0500","643952.0000","10.2100","10.2100","9.9500"
"2015/08/12","10.2200","818275.0000","10.2800","10.2800","9.9800"
"2015/08/11","10.3100","1165852.0000","10.2900","10.4600","10.2500"
"2015/08/10","10.1500","1430874.0000","9.9400","10.1800","9.8566"
"2015/08/07","9.5600","636179.0000","9.7800","9.7800","9.4600"
"2015/08/06","9.5500","710076.0000","9.6400","9.6500","9.4850"
"2015/08/05","9.3200","1359961.0000","9.4500","9.5100","9.2100"
"2015/08/04","9.6300","1121505.0000","9.6700","9.7500","9.4100"
"2015/08/03","9.5100","1462796.0000","9.7900","9.9500","9.5000"
"2015/07/31","9.7700","608253.0000","9.6700","9.7700","9.5300"
"2015/07/30","9.5200","691304.0000","9.6300","9.6499","9.4100"
"2015/07/29","9.6300","280252.0000","9.6700","9.6900","9.5710"
"2015/07/28","9.6600","678196.0000","9.4400","9.6900","9.3900"
"2015/07/27","9.3300","1367128.0000","9.5700","9.6900","9.2200"
"2015/07/24","9.7500","908394.0000","10.1600","10.2200","9.7100"
"2015/07/23","10.0500","444785.0000","10.2400","10.3800","10.0500"
"2015/07/22","10.0700","524647.0000","10.0700","10.2200","10.0500"
"2015/07/21","10.0400","792071.0000","10.0000","10.1300","9.9000"
"2015/07/20","9.9300","1327147.0000","10.3900","10.4800","9.9000"
"2015/07/17","10.3400","1039659.0000","10.7400","10.7600","10.1500"
"2015/07/16","10.8000","1790224.0000","11.1100","11.2400","10.6800"
"2015/07/15","10.8100","2819761.0000","10.1200","10.9400","10.0300"
"2015/07/14","9.8200","3639385.0000","10.6900","10.7200","9.7500"
"2015/07/13","10.7700","4702604.0000","11.7900","11.8600","10.5700"
"2015/07/10","11.2600","4301692.0000","11.3000","11.3200","10.6900"
"2015/07/09","10.3100","2568410.0000","10.0400","10.5000","9.8600"
"2015/07/08","9.6800","1938524.0000","10.0400","10.1599","9.6200"
"2015/07/07","10.1900","2605570.0000","9.9100","10.3400","9.5500"
"2015/07/06","10.0400","4280228.0000","9.8800","10.4070","9.7600"
"2015/07/02","10.8500","2043141.0000","10.7000","10.8500","10.3600"
"2015/07/01","10.6500","4433218.0000","11.0200","11.4000","10.1600"
"2015/06/30","10.0600","3190086.0000","10.0000","10.2400","9.7300"
"2015/06/29","9.4900","6249220.0000","9.9600","10.0700","9.4200"
"2015/06/26","11.7800","1978878.0000","12.1300","12.2500","11.4100"
"2015/06/25","11.9400","772468.0000","11.9100","12.0800","11.7700"
"2015/06/24","11.8200","1552079.0000","11.7300","11.9723","11.6700"
"2015/06/23","12.1400","2064462.0000","11.9400","12.3200","11.9400"
"2015/06/22","12.0200","2970777.0000","11.3900","12.1900","11.3800"
"2015/06/19","11.1000","1634978.0000","10.8700","11.1900","10.7200"
"2015/06/18","10.5800","1368089.0000","10.7100","11.4592","10.5500"
"2015/06/17","10.5700","1769291.0000","10.6200","10.6900","10.2600"
"2015/06/16","10.5500","1355358.0000","10.7300","10.7700","10.5300"
"2015/06/15","11.0300","1509630.0000","11.1000","11.3400","10.8000"
"2015/06/12","11.7900","843026.0000","11.6600","11.8899","11.5600"
"2015/06/11","12.1500","1002505.0000","12.4500","12.5000","11.9600"
"2015/06/10","12.0200","1039470.0000","11.6500","12.2099","11.4600"
"2015/06/09","11.5200","364562.0000","11.5800","11.7400","11.4700"
"2015/06/08","11.3800","560098.0000","11.6800","11.7299","11.3300"
"2015/06/05","11.7500","813008.0000","11.7600","11.8300","11.5400"
"2015/06/04","12.0100","1040886.0000","12.4900","12.5900","12.0000"
"2015/06/03","12.7600","1216826.0000","12.5500","12.7770","12.3901"
"2015/06/02","12.5000","1462639.0000","12.1400","12.5602","11.9200"
"2015/06/01","12.2000","451891.0000","12.2300","12.5100","11.9200"
"2015/05/29","12.1800","600267.0000","12.1100","12.3000","12.0900"
"2015/05/28","12.3800","632446.0000","12.4100","12.4300","12.1101"
"2015/05/27","12.5300","1322803.0000","11.9500","12.6000","11.8401"
"2015/05/26","11.5700","1383964.0000","12.0300","12.0700","11.5301"
"2015/05/22","12.3500","472976.0000","12.4300","12.4300","12.3100"
"2015/05/21","12.5900","705204.0000","12.5800","12.6300","12.4200"
"2015/05/20","12.5600","566452.0000","12.5200","12.5900","12.3550"
"2015/05/19","12.5400","1046384.0000","12.5800","12.7700","12.5200"
"2015/05/18","12.4700","763359.0000","12.0500","12.5900","12.0000"
"2015/05/15","12.4200","699026.0000","12.4400","12.4600","12.2600"
"2015/05/14","12.7000","1362384.0000","12.7600","12.8000","12.4900"
"2015/05/13","12.2600","549967.0000","12.5600","12.7200","12.2500"
"2015/05/12","12.3000","351400.0000","12.2300","12.4706","12.2300"
"2015/05/11","12.1400","829317.0000","11.9900","12.2700","11.8700"
"2015/05/08","12.6500","630056.0000","12.5600","12.7600","12.5000"
"2015/05/07","12.7400","1286224.0000","12.6300","12.7900","12.5590"
"2015/05/06","12.4100","874028.0000","11.9800","12.4300","11.9500"
"2015/05/05","11.4800","942929.0000","11.7100","11.7800","11.4800"
"2015/05/04","11.9100","1312773.0000","12.1900","12.2500","11.8800"
"2015/05/01","12.4700","596853.0000","12.5300","12.5700","12.3000"
"2015/04/30","12.3600","1810729.0000","11.7100","12.4500","11.7100"
"2015/04/29","11.5800","395677.0000","11.7100","11.8500","11.5100"
"2015/04/28","11.6000","1521381.0000","11.7000","11.7900","11.5600"
"2015/04/27","11.5800","1598123.0000","11.4300","11.6000","11.2200"
"2015/04/24","10.9600","938861.0000","10.9000","11.1000","10.7600"
"2015/04/23","10.5400","1176785.0000","10.4400","10.6200","10.3500"
"2015/04/22","10.4100","1711534.0000","10.1000","10.5500","10.0500"
"2015/04/21","9.9700","1030719.0000","10.0000","10.0100","9.7600"
"2015/04/20","10.2100","903993.0000","10.2800","10.3300","10.1500"
"2015/04/17","10.4700","662429.0000","10.2300","10.4700","10.1600"
"2015/04/16","10.3800","508156.0000","10.5000","10.5200","10.3100"
"2015/04/15","10.4000","744949.0000","10.4000","10.4704","10.3300"
"2015/04/14","10.6500","587624.0000","10.7500","10.8500","10.5700"
"2015/04/13","10.8800","334314.0000","11.1100","11.1600","10.7900"
"2015/04/10","11.0700","274662.0000","11.0100","11.1400","10.9900"
"2015/04/09","10.9700","571512.0000","11.1000","11.1300","10.9000"
"2015/04/08","11.0700","210699.0000","11.0700","11.1300","11.0200"
"2015/04/07","11.0100","304046.0000","11.2900","11.3100","11.0100"
"2015/04/06","11.3600","403038.0000","11.4300","11.5000","11.2901"
"2015/04/02","11.1300","303354.0000","10.9500","11.1700","10.8900"
"2015/04/01","10.9100","384910.0000","10.9700","10.9700","10.7500"
"2015/03/31","11.0200","288488.0000","11.0900","11.0900","10.9800"
"2015/03/30","10.9700","430095.0000","10.9200","11.0400","10.8600"
"2015/03/27","10.9000","392448.0000","10.9800","11.0100","10.9000"
"2015/03/26","11.0200","312039.0000","10.9700","11.1000","10.9200"
"2015/03/25","11.1800","487774.0000","11.5100","11.6200","11.1400"
"2015/03/24","11.5400","906736.0000","11.4500","11.6400","11.3300"
"2015/03/23","11.1300","846816.0000","11.0000","11.2200","10.8900"
"2015/03/20","10.7500","1293223.0000","10.5500","10.8800","10.5000"
"2015/03/19","10.1600","677579.0000","10.3300","10.3400","10.0500"
"2015/03/18","10.5500","1679684.0000","10.3600","10.6500","10.2600"
"2015/03/17","10.8300","511270.0000","10.9200","10.9500","10.7300"
"2015/03/16","10.6500","703532.0000","10.3800","10.6900","10.3258"
"2015/03/13","10.6800","928884.0000","10.7700","10.7900","10.5650"
"2015/03/12","11.0800","600342.0000","11.0400","11.1000","10.8500"
"2015/03/11","11.1600","637250.0000","11.2200","11.2400","10.9500"
"2015/03/10","11.3500","514430.0000","11.3200","11.4600","11.3000"
"2015/03/09","11.4600","669800.0000","11.5300","11.6000","11.4500"
"2015/03/06","11.8200","1096797.0000","12.3000","12.3000","11.7300"
"2015/03/05","12.3800","396628.0000","12.2500","12.4600","12.2000"
"2015/03/04","12.4200","461407.0000","12.4300","12.4700","12.1900"
"2015/03/03","12.5500","619256.0000","12.7200","12.7300","12.5400"
"2015/03/02","12.7400","861329.0000","12.6500","12.7900","12.3810"
"2015/02/27","12.9500","936388.0000","12.9700","13.0600","12.7900"
"2015/02/26","13.4300","742795.0000","13.2800","13.4400","13.0700"
"2015/02/25","13.6700","403932.0000","13.7900","13.8400","13.6400"
"2015/02/24","13.9900","1691904.0000","14.0000","14.2000","13.7910"
"2015/02/23","13.6700","1407664.0000","13.9500","14.0400","13.4400"
"2015/02/20","14.1100","5230590.0000","12.7400","14.5900","12.5800"
"2015/02/19","12.8200","1181272.0000","12.8500","12.9300","12.6200"
"2015/02/18","12.8400","1070834.0000","12.6600","13.0000","12.6100"
"2015/02/17","13.3300","2454823.0000","12.8000","13.6500","12.5000"
"2015/02/13","13.6499","1618294.0000","13.5400","13.6799","13.3000"
"2015/02/12","12.9900","1265543.0000","12.4600","12.9900","12.4000"
"2015/02/11","11.9400","734218.0000","11.8800","11.9800","11.6400"
"2015/02/10","12.2800","1634324.0000","12.3500","12.4300","12.0000"
"2015/02/09","11.4100","1121536.0000","11.3400","11.5400","11.2600"
"2015/02/06","11.8500","622719.0000","11.9800","12.2100","11.7700"
"2015/02/05","12.4200","547330.0000","12.3000","12.6336","12.2400"
"2015/02/04","11.9000","1221222.0000","12.8500","12.9200","11.7500"
"2015/02/03","13.2800","2418256.0000","12.7000","13.5700","12.5000"
"2015/02/02","11.7300","1135502.0000","11.2000","11.7500","11.1000"
"2015/01/30","10.5000","1278985.0000","11.1700","11.1700","10.4400"
"2015/01/29","11.1700","1221391.0000","11.0100","11.3400","10.9300"
"2015/01/28","10.6600","2113246.0000","10.7400","10.8600","10.6301"
"2015/01/27","12.0600","584093.0000","11.7900","12.1000","11.7100"
"2015/01/26","12.6000","580982.0000","12.4300","12.6100","12.3000"
"2015/01/23","13.0600","1861649.0000","13.0400","13.3200","12.7289"
"2015/01/22","12.4300","601958.0000","12.3100","12.5000","12.2600"
"2015/01/21","12.6000","563047.0000","12.2100","12.6200","12.2100"
"2015/01/20","12.3200","522796.0000","12.8000","12.8000","12.3100"
"2015/01/16","12.7200","292401.0000","12.4000","12.8100","12.2300"
"2015/01/15","12.8000","187640.0000","12.9500","13.0990","12.7000"
"2015/01/14","13.0000","325523.0000","13.1300","13.3000","12.8700"
"2015/01/13","13.2400","383474.0000","13.4300","13.4400","12.9600"
"2015/01/12","12.9600","993959.0000","12.9900","13.1500","12.8600"
"2015/01/09","12.5900","1160520.0000","12.5400","12.6500","12.3100"
"2015/01/08","12.3500","304091.0000","12.3300","12.3800","12.0500"
"2015/01/07","12.5400","813678.0000","12.6500","12.7800","12.2350"
"2015/01/06","12.3300","468070.0000","12.5900","12.6900","12.2000"
"2015/01/05","12.7700","704851.0000","12.9800","13.0000","12.7700"
"2015/01/02","13.7400","671895.0000","13.7200","13.7400","13.4500"
"2014/12/31","13.4000","376429.0000","13.5500","13.7600","13.4000"
"2014/12/30","13.4300","290616.0000","13.7400","13.7400","13.4000"
"2014/12/29","13.7900","662260.0000","13.8600","13.9500","13.5900"
"2014/12/26","14.7800","388231.0000","14.3300","14.8100","14.3100"
"2014/12/24","14.3400","20290.0000","14.0600","14.4400","14.0600"
"2014/12/23","14.1900","110933.0000","14.2100","14.4800","14.1900"
"2014/12/22","14.6200","150928.0000","14.3300","14.6700","14.3300"
"2014/12/19","14.5800","162208.0000","14.6600","14.7500","14.4100"
"2014/12/18","14.7400","261236.0000","14.5700","14.8900","14.5500"
"2014/12/17","15.4700","1793981.0000","14.6300","15.4700","14.6200"
"2014/12/16","14.7800","931772.0000","14.3200","15.0100","14.2500"
"2014/12/15","13.8200","235182.0000","14.2400","14.6900","13.8100"
"2014/12/12","13.7800","411528.0000","14.0100","14.2400","13.6600"
"2014/12/11","13.5900","1087689.0000","14.2600","14.4680","13.5600"
"2014/12/10","14.9600","217430.0000","15.2700","15.4100","14.9500"
"2014/12/09","15.3000","540628.0000","15.8000","15.8800","15.2800"
"2014/12/08","17.3700","176505.0000","17.4200","17.7900","17.2500"
"2014/12/05","17.4600","191604.0000","17.4700","17.4999","17.3000"
"2014/12/04","17.0900","179087.0000","17.0900","17.1500","16.9100"
"2014/12/03","17.0600","81009.0000","16.9300","17.1500","16.8800"
"2014/12/02","16.9000","120406.0000","16.9300","16.9599","16.7780"
"2014/12/01","16.4350","117192.0000","16.4700","16.9599","16.4300"
"2014/11/28","16.4200","160118.0000","16.7600","16.9400","16.4100"
"2014/11/26","16.9400","110045.0000","16.7400","16.9400","16.4575"
"2014/11/25","16.4400","622394.0000","16.8500","16.8500","16.3200"
"2014/11/24","16.9100","359534.0000","17.0800","17.1250","16.8300"
"2014/11/21","17.0400","444700.0000","17.0700","17.1900","16.9300"
"2014/11/20","16.8100","332862.0000","16.5100","16.8299","16.4800"
"2014/11/19","16.5400","349585.0000","16.5700","16.6700","16.3700"
"2014/11/18","16.0900","514079.0000","15.5500","16.1100","15.5500"
"2014/11/17","15.1900","242675.0000","15.3100","15.4400","15.1500"
"2014/11/14","15.4400","116903.0000","15.2100","15.4900","15.2100"
"2014/11/13","15.1050","84649.0000","15.0100","15.2990","15.0100"
"2014/11/12","14.9900","375769.0000","15.0800","15.0800","14.8000"
"2014/11/11","15.2800","188788.0000","15.3300","15.4099","15.2000"
"2014/11/10","15.4100","1322468.0000","15.4100","15.5100","15.3500"
"2014/11/07","15.6700","395353.0000","15.6000","15.7482","15.4700"
"2014/11/06","16.2600","138975.0000","16.4400","16.6500","16.2400"
"2014/11/05","16.4200","517342.0000","16.3800","16.4800","16.3200"
"2014/11/04","16.1700","229657.0000","16.5800","16.5800","16.0700"
"2014/11/03","16.1300","219023.0000","15.9800","16.2000","15.8200"
"2014/10/31","15.7020","247779.0000","15.9700","16.1400","15.6001"
"2014/10/30","15.8900","408247.0000","15.9300","16.1100","15.6500"
"2014/10/29","16.1000","353446.0000","16.4400","16.6699","16.0500"
"2014/10/28","17.2100","324798.0000","16.9700","17.2300","16.8700"
"2014/10/27","16.8400","356145.0000","16.7500","16.8500","16.3500"
"2014/10/24","17.3400","110969.0000","17.2700","17.3800","17.1700"
"2014/10/23","17.2800","131646.0000","17.2600","17.3500","17.0425"
"2014/10/22","16.9400","282227.0000","17.5400","17.5700","16.9400"
"2014/10/21","17.6000","551495.0000","17.2400","17.7000","17.0000"
"2014/10/20","16.7300","768601.0000","16.5800","16.7500","16.4400"
"2014/10/17","16.6300","594598.0000","16.3500","16.7900","16.3500"
"2014/10/16","15.5800","686688.0000","15.1200","15.7000","15.0601"
"2014/10/15","15.0500","1357718.0000","15.6100","15.7799","14.7900"
"2014/10/14","16.6800","397263.0000","16.5600","16.8600","16.4800"
"2014/10/13","17.3800","256154.0000","17.5000","17.7300","17.3201"
"2014/10/10","17.3100","282293.0000","17.4000","17.6400","17.2601"
"2014/10/09","17.6000","316736.0000","18.0600","18.0800","17.4600"
"2014/10/08","18.0400","524027.0000","17.6800","18.0700","17.3400"
"2014/10/07","17.3400","240783.0000","17.7100","17.7100","17.3400"
"2014/10/06","17.8800","300202.0000","17.9200","18.0600","17.7600"
"2014/10/03","18.0000","409333.0000","17.9000","18.1470","17.8701"
"2014/10/02","18.0400","795501.0000","18.4600","18.6200","17.8700"
"2014/10/01","18.0600","198223.0000","18.4600","18.5100","18.0100"
"2014/09/30","18.5900","301892.0000","18.3600","18.6700","18.1400"
"2014/09/29","18.4200","557824.0000","18.0800","18.6100","18.0100"
"2014/09/26","18.9600","151934.0000","18.8300","19.1000","18.8100"
"2014/09/25","18.8500","259128.0000","19.1600","19.1600","18.8000"
"2014/09/24","19.6300","786670.0000","19.3600","19.7900","19.3000"
"2014/09/23","19.2900","219994.0000","19.5700","19.6000","19.2700"
"2014/09/22","19.7500","200563.0000","20.1100","20.2500","19.7500"
"2014/09/19","20.0000","258352.0000","20.0200","20.2500","19.9200"
"2014/09/18","19.5600","181243.0000","19.6900","19.7200","19.4800"
"2014/09/17","19.7800","416403.0000","20.0500","20.0800","19.7600"
"2014/09/16","19.9500","1311387.0000","20.1000","20.3000","19.8900"
"2014/09/15","20.4300","189299.0000","20.5100","20.5100","20.3800"
"2014/09/12","20.4800","1025109.0000","20.8200","20.8300","20.4700"
"2014/09/11","20.8200","390650.0000","20.5800","20.8300","20.5600"
"2014/09/10","20.8400","139797.0000","20.5800","20.8775","20.5450"
"2014/09/09","20.5300","325934.0000","20.9300","20.9300","20.5000"
"2014/09/08","21.0200","1018040.0000","21.2400","21.3400","20.9800"
"2014/09/05","21.3500","461458.0000","21.3700","21.4100","21.1200"
"2014/09/04","21.1000","253594.0000","20.9900","21.2700","20.9900"
"2014/09/03","20.9300","183486.0000","21.1100","21.1200","20.8500"
"2014/09/02","20.8500","705780.0000","20.9400","21.4100","20.5530"
"2014/08/29","21.3600","258442.0000","21.3000","21.3699","21.0900"
"2014/08/28","21.3100","648296.0000","21.1100","21.3500","20.9000"
"2014/08/27","21.4300","132013.0000","21.5200","21.5200","21.2500"
"2014/08/26","21.4000","148363.0000","21.2500","21.6200","21.2500"
"2014/08/25","21.2600","299074.0000","21.0500","21.3600","20.9000"
"2014/08/22","20.9000","125014.0000","21.1400","21.3400","20.8800"
"2014/08/21","20.9100","212599.0000","20.7900","21.0300","20.7900"
"2014/08/20","20.7000","193678.0000","20.2900","20.7080","20.2900"
"2014/08/19","20.2600","114042.0000","20.3600","20.4100","20.2100"
"2014/08/18","20.2800","233047.0000","20.2800","20.2800","20.0100"
"2014/08/15","20.6400","446143.0000","20.7500","20.8900","20.0100"
"2014/08/14","20.7000","343275.0000","20.6500","20.7500","20.5200"
"2014/08/13","20.7100","1200704.0000","20.2600","20.7600","20.1850"
"2014/08/12","20.0900","1642546.0000","19.9000","20.1300","19.8500"
"2014/08/11","19.6100","550018.0000","19.4900","19.7600","19.4200"
"2014/08/08","19.3600","667648.0000","19.4500","19.4800","19.1500"
"2014/08/07","19.5300","471658.0000","19.9500","20.0600","19.5100"
"2014/08/06","19.8100","1319156.0000","20.0600","20.2000","19.7400"
"2014/08/05","20.3100","521650.0000","20.9400","20.9400","20.2100"
"2014/08/04","21.2900","166741.0000","21.2000","21.3600","21.0400"
"2014/08/01","21.0000","188642.0000","21.1200","21.5200","21.0000"
"2014/07/31","21.1100","351495.0000","21.5600","21.7300","21.1000"
"2014/07/30","21.8500","100410.0000","22.0000","22.0700","21.7600"
"2014/07/29","22.0700","111270.0000","22.0400","22.1800","22.0100"
"2014/07/28","22.5000","163440.0000","22.4100","22.6200","22.3100"
"2014/07/25","22.3400","152650.0000","22.3600","22.6190","22.2400"
"2014/07/24","22.0300","1152664.0000","21.6400","22.1400","21.6400"
"2014/07/23","21.4500","695087.0000","21.4000","21.5100","21.3101"
"2014/07/22","21.4000","420764.0000","21.3200","21.4200","21.1500"
"2014/07/21","21.4100","446973.0000","21.3400","21.5590","21.2100"
"2014/07/18","21.7800","207395.0000","21.5600","21.8300","21.4200"
"2014/07/17","21.5600","226104.0000","22.0900","22.1900","21.5100"
"2014/07/16","22.1500","134719.0000","21.9400","22.1900","21.9300"
"2014/07/15","21.8900","63030.0000","22.0200","22.0400","21.8400"
"2014/07/14","21.9900","77448.0000","21.9100","22.0690","21.8510"
"2014/07/11","21.6900","108556.0000","21.6400","21.7400","21.5010"
"2014/07/10","21.7000","438769.0000","21.3800","21.7200","21.2500"
"2014/07/09","21.8300","765682.0000","21.9500","21.9700","21.7600"
"2014/07/08","22.1500","318712.0000","22.5500","22.5600","22.1000"
"2014/07/07","23.2000","234212.0000","23.3500","23.3600","23.1100"
"2014/07/03","23.4500","74007.0000","23.3200","23.4599","23.2900"
"2014/07/02","23.2900","185791.0000","23.1800","23.4800","23.1400"
"2014/07/01","23.0400","184119.0000","22.6000","23.1300","22.6000"
"2014/06/30","22.5000","455436.0000","22.5800","22.6456","22.4300"
"2014/06/27","22.5600","321082.0000","22.5800","22.6200","22.3898"
"2014/06/26","22.8700","1330653.0000","22.6500","22.9400","22.6500"
"2014/06/25","22.6100","1591573.0000","22.9000","23.0000","22.5600"
"2014/06/24","22.9200","1222982.0000","23.4600","23.5000","22.8500"
"2014/06/23","23.6700","168970.0000","23.8400","23.9800","23.6000"
"2014/06/20","24.0900","213134.0000","24.2800","24.3000","24.0900"
"2014/06/19","24.1700","810096.0000","24.1900","24.2500","24.0200"
"2014/06/18","24.0600","414942.0000","23.6900","24.0700","23.5000"
"2014/06/17","23.4500","754423.0000","23.2500","23.5000","23.1500"
"2014/06/16","23.3500","237694.0000","23.3800","23.4300","23.2700"
"2014/06/13","23.4000","434301.0000","23.3600","23.5800","23.2500"
"2014/06/12","23.8700","320335.0000","24.0500","24.0810","23.8100"
"2014/06/11","24.0200","627542.0000","23.9500","24.0500","23.7500"
"2014/06/10","24.4000","1241012.0000","24.4800","24.4800","24.1300"
"2014/06/09","24.4500","155600.0000","24.4000","24.5800","24.3100"
"2014/06/06","24.4300","704121.0000","24.1700","24.4300","24.0400"
"2014/06/05","24.1600","705812.0000","23.7700","24.1600","23.6300"
"2014/06/04","23.3000","927701.0000","23.0000","23.3000","22.9300"
"2014/06/03","23.0000","598703.0000","23.0500","23.1000","22.6800"
"2014/06/02","23.1900","393443.0000","22.7900","23.2200","22.7900"
"2014/05/30","22.7500","545504.0000","22.5900","22.8900","22.5900"
"2014/05/29","22.3900","504679.0000","22.3100","22.3999","21.9900"
"2014/05/28","22.6000","295733.0000","22.3800","22.6300","22.2800"
"2014/05/27","22.3800","723184.0000","22.1600","22.4500","22.0100"
"2014/05/23","21.8700","466935.0000","21.4600","21.8800","21.4600"
"2014/05/22","21.3300","1163264.0000","21.3300","21.5400","21.1450"
"2014/05/21","21.3400","706718.0000","20.9300","21.3700","20.9300"
"2014/05/20","20.8900","840298.0000","20.7200","20.9900","20.5200"
"2014/05/19","19.9200","634303.0000","19.9000","19.9900","19.7000"
"2014/05/16","20.1300","595702.0000","20.1700","20.2730","19.9900"
"2014/05/15","20.7200","699467.0000","21.0400","21.0590","20.6400"
"2014/05/14","21.6900","585050.0000","21.8300","22.0200","21.6500"
"2014/05/13","21.4600","267066.0000","21.5900","21.6899","21.4000"
"2014/05/12","21.7800","430276.0000","21.8500","21.8500","21.5800"
"2014/05/09","22.1600","1032726.0000","22.5000","22.5100","22.0800"
"2014/05/08","22.8500","522821.0000","23.2100","23.2500","22.7800"
"2014/05/07","23.2900","264136.0000","22.9301","23.3500","22.9301"
"2014/05/06","22.6600","110291.0000","22.8100","22.9895","22.6400"
"2014/05/05","23.0800","41390.0000","22.9800","23.2200","22.8210"
"2014/05/02","22.8700","164724.0000","23.1700","23.1700","22.8100"
"2014/05/01","23.2400","63372.0000","23.3500","23.3500","23.0000"
"2014/04/30","23.1900","76622.0000","22.9100","23.1900","22.7101"
"2014/04/29","22.4000","68706.0000","22.3100","22.4300","22.2300"
"2014/04/28","22.2300","141964.0000","22.4800","22.4800","22.0200"
"2014/04/25","22.6200","396792.0000","22.9900","22.9900","22.6100"
"2014/04/24","23.1400","118777.0000","22.8900","23.1500","22.6700"
"2014/04/23","22.9500","333802.0000","23.1000","23.1300","22.8200"
"2014/04/22","23.3900","76822.0000","23.4900","23.5399","23.3606"
"2014/04/21","23.3400","164521.0000","23.4800","23.4900","23.2200"
"2014/04/17","23.4300","177378.0000","23.1000","23.4800","23.0101"
"2014/04/16","22.6900","573158.0000","22.4300","22.7500","22.1575"
"2014/04/15","21.7700","984189.0000","22.1900","22.1900","21.3900"
"2014/04/14","22.4600","952025.0000","22.6300","22.7400","22.2000"
"2014/04/11","23.2300","161839.0000","23.1700","23.3800","23.0300"
"2014/04/10","23.3900","122820.0000","24.0300","24.0700","23.3600"
"2014/04/09","24.1700","305120.0000","23.9000","24.2600","23.7101"
"2014/04/08","23.9300","649123.0000","23.9300","24.1500","23.6500"
"2014/04/07","23.7200","857515.0000","24.2000","24.3799","23.5400"
"2014/04/04","24.1700","340836.0000","24.2300","24.3500","24.0600"
"2014/04/03","24.5500","291897.0000","24.7300","24.7700","24.2600"
"2014/04/02","25.0000","187294.0000","24.9500","25.1100","24.8500"
"2014/04/01","24.7000","191797.0000","24.6000","24.8300","24.5400"
"2014/03/31","24.5700","142307.0000","24.7000","24.7500","24.3800"
"2014/03/28","24.6000","144264.0000","24.4100","24.7000","24.3000"
"2014/03/27","24.4300","181850.0000","24.1900","24.6200","24.1300"
"2014/03/26","24.3700","116194.0000","24.7100","24.9000","24.3700"
"2014/03/25","25.0200","249034.0000","25.0900","25.1000","24.8000"
"2014/03/24","24.7000","81135.0000","24.3900","24.8090","24.3000"
"2014/03/21","24.1700","678226.0000","25.0800","25.1700","24.0000"
"2014/03/20","25.5000","226183.0000","25.1800","25.5200","25.0900"
"2014/03/19","25.0300","330484.0000","25.6300","25.7600","25.0000"
"2014/03/18","25.6800","154254.0000","25.3500","25.6875","25.3500"
"2014/03/17","25.6600","273829.0000","25.1300","25.7150","25.1300"
"2014/03/14","24.7000","98423.0000","24.4200","24.8300","24.3301"
"2014/03/13","24.4000","180367.0000","25.4500","25.4500","24.3101"
"2014/03/12","25.1900","98139.0000","25.2800","25.3200","25.1400"
"2014/03/11","25.1700","1095958.0000","25.1400","25.3100","25.0400"
"2014/03/10","25.1300","254614.0000","25.1600","25.2700","25.0000"
"2014/03/07","24.9300","335471.0000","25.1500","25.2000","24.8000"
"2014/03/06","24.6000","77122.0000","24.6900","24.6900","24.4607"
"2014/03/05","24.3600","210680.0000","24.5400","24.6900","24.3000"
"2014/03/04","24.6700","147066.0000","24.3500","24.7000","24.2000"
"2014/03/03","23.5800","222189.0000","23.6600","23.9700","23.4000"
"2014/02/28","24.3800","420771.0000","24.4000","24.5200","24.2004"
"2014/02/27","24.2400","135697.0000","24.0200","24.2400","23.5900"
"2014/02/26","24.1600","297639.0000","24.0000","24.2600","24.0000"
"2014/02/25","23.5300","742073.0000","22.9900","23.5600","22.9900"
"2014/02/24","22.6900","294091.0000","22.7500","22.7700","22.5000"
"2014/02/21","23.1600","52206.0000","23.2400","23.3100","23.0100"
"2014/02/20","23.5155","130413.0000","23.2500","23.5700","23.2500"
"2014/02/19","23.1400","232380.0000","23.7300","23.7300","23.1300"
"2014/02/18","23.7800","132384.0000","23.9300","23.9300","23.5400"
"2014/02/14","23.5500","80279.0000","23.5200","23.7500","23.4000"
"2014/02/13","23.6900","138726.0000","23.4800","23.7900","23.4000"
"2014/02/12","23.5400","61829.0000","23.3500","23.6500","23.3500"
"2014/02/11","23.4000","291905.0000","23.1600","23.4500","23.0500"
"2014/02/10","23.3300","71017.0000","23.6300","23.6300","23.1800"
"2014/02/07","23.3500","84166.0000","23.2900","23.4500","23.0100"
"2014/02/06","23.2100","148299.0000","22.7600","23.2990","22.2700"
"2014/02/05","22.7600","180135.0000","22.8100","22.8700","22.5700"
"2014/02/04","22.2400","161229.0000","22.2300","22.4000","21.9180"
"2014/02/03","21.7200","338906.0000","22.2700","22.4000","21.5600"
"2014/01/31","21.8600","190160.0000","21.6200","21.9280","21.4300"
"2014/01/30","21.5700","164855.0000","21.7400","22.0000","21.5700"
"2014/01/29","21.1400","96875.0000","21.1000","21.3700","21.0100"
"2014/01/28","21.5400","115163.0000","21.5900","21.5950","21.2200"
"2014/01/27","21.6700","194189.0000","21.5800","21.8200","21.2000"
"2014/01/24","21.7300","459177.0000","22.5900","22.6800","21.6000"
"2014/01/23","22.9700","544387.0000","22.7200","23.2200","22.7200"
"2014/01/22","22.9200","151218.0000","22.9500","23.0004","22.7500"
"2014/01/21","22.6800","320482.0000","23.1000","23.1600","22.5000"
"2014/01/17","23.4200","244515.0000","23.9100","23.9100","23.4200"
"2014/01/16","23.8600","263468.0000","23.9200","23.9200","23.6900"
"2014/01/15","24.1200","131131.0000","24.2000","24.2000","23.6900"
"2014/01/14","23.9400","285636.0000","23.7900","24.0680","23.4600"
"2014/01/13","23.6200","290157.0000","24.2300","24.6800","23.5900"
"2014/01/10","24.3100","330412.0000","24.1900","24.5300","24.1400"
"2014/01/09","23.9700","327501.0000","23.9000","24.1800","23.7500"
"2014/01/08","23.8300","363625.0000","23.8300","24.0500","23.7500"
"2014/01/07","23.2100","309950.0000","23.1700","23.2500","23.0600"
"2014/01/06","22.6100","110962.0000","22.3000","22.8400","22.3000"
"2014/01/03","22.5000","161637.0000","22.7700","22.8100","22.5000"
"2014/01/02","22.7300","178012.0000","22.8900","22.9100","22.5400"
"2013/12/31","22.5300","58769.0000","22.4800","22.5800","22.3800"
"2013/12/30","22.4300","97800.0000","22.4600","22.4700","22.1610"
"2013/12/27","22.4000","183688.0000","22.1200","22.4900","22.0700"
"2013/12/26","21.5500","133457.0000","21.8100","21.8300","21.4400"
"2013/12/24","21.5100","33508.0000","21.0900","21.5225","21.0800"
"2013/12/23","21.3100","53153.0000","21.2400","21.3500","21.1400"
"2013/12/20","21.3700","221872.0000","21.5700","21.5700","21.1000"
"2013/12/19","21.9900","206963.0000","22.1900","22.2014","21.8200"
"2013/12/18","22.2500","67125.0000","21.9000","22.3400","21.6500"
"2013/12/17","21.7300","173000.0000","21.7100","21.8900","21.6650"
"2013/12/16","21.8500","144823.0000","21.8600","21.9900","21.6700"
"2013/12/13","21.9450","239845.0000","22.3800","22.3800","21.6600"
"2013/12/12","22.6100","28716.0000","22.4500","22.6600","22.2800"
"2013/12/11","22.5000","104216.0000","22.9800","22.9800","22.5000"
"2013/12/10","22.8900","174796.0000","22.6700","23.0700","22.6700"
"2013/12/09","22.5600","55724.0000","22.4500","22.5824","22.2700"
"2013/12/06","22.4500","75775.0000","22.4600","22.5600","22.2500"
"2013/12/05","22.4600","108588.0000","22.7500","22.7500","22.2400"
"2013/12/04","22.9200","314427.0000","22.6800","23.0300","22.3810"
"2013/12/03","22.8200","222026.0000","23.1400","23.1400","22.6200"
"2013/12/02","22.9100","131143.0000","23.0000","23.0800","22.8400"
"2013/11/29","22.8700","197485.0000","22.6200","22.8700","22.3340"
"2013/11/27","22.2400","388397.0000","22.2200","22.3400","22.1001"
"2013/11/26","22.0100","156038.0000","22.3600","22.3600","22.0100"
"2013/11/25","22.6000","185156.0000","22.5100","22.6000","22.0300"
"2013/11/22","22.3100","215935.0000","22.2300","22.4000","22.1100"
"2013/11/21","21.8700","45473.0000","21.6800","21.8900","21.5460"
"2013/11/20","21.3700","44187.0000","21.3900","21.5885","21.2200"
"2013/11/19","21.6500","56137.0000","21.7800","21.7800","21.1000"
"2013/11/18","21.6000","105693.0000","21.6800","21.7300","21.3100"
"2013/11/15","21.3600","124718.0000","21.0500","21.5800","21.0400"
"2013/11/14","21.6200","49710.0000","21.6800","21.7400","21.4900"
"2013/11/13","21.5500","42433.0000","21.0200","21.6300","21.0000"
"2013/11/12","21.2000","155240.0000","21.4000","21.4200","21.0300"
"2013/11/11","22.0200","50739.0000","22.2100","22.2100","21.8900"
"2013/11/08","22.1200","86928.0000","21.7200","22.1900","21.7200"
"2013/11/07","21.7900","79170.0000","22.2200","22.2500","21.6510"
"2013/11/06","22.0500","170770.0000","22.1100","22.3500","21.7500"
"2013/11/05","21.7000","134495.0000","21.8400","21.8520","21.5000"
"2013/11/04","21.9600","129625.0000","22.0200","22.2000","21.8300"
"2013/11/01","22.3100","147766.0000","22.7700","22.8100","22.1600"
"2013/10/31","22.7800","60303.0000","22.7200","22.8390","22.3900"
"2013/10/30","22.2900","120504.0000","22.4600","22.6200","22.2900"
"2013/10/29","22.3600","101613.0000","22.5200","22.5200","21.8900"
"2013/10/28","22.8400","117587.0000","23.0400","23.0800","22.8000"
"2013/10/25","23.0400","56120.0000","22.9000","23.0700","22.7712"
"2013/10/24","22.6500","94436.0000","22.4900","22.6600","22.3364"
"2013/10/23","22.1100","205615.0000","22.4000","22.4000","22.0800"
"2013/10/22","23.1200","185280.0000","23.0000","23.2200","22.9300"
"2013/10/21","23.0300","272891.0000","22.9900","23.1400","22.9100"
"2013/10/18","22.9400","390715.0000","22.2400","23.0900","22.1370"
"2013/10/17","22.1000","91669.0000","21.3800","22.1300","21.3800"
"2013/10/16","21.2400","72024.0000","21.2500","21.4500","21.1100"
"2013/10/15","21.4199","88732.0000","21.6200","21.6500","21.3100"
"2013/10/14","21.5900","77886.0000","21.5100","21.6100","21.1300"
"2013/10/11","21.1700","77078.0000","21.2000","21.4300","21.0500"
"2013/10/10","21.3000","195149.0000","21.4700","21.7400","21.0100"
"2013/10/09","21.1800","103999.0000","21.0300","21.4400","20.7600"
"2013/10/08","20.5900","203202.0000","21.3800","21.3900","20.5000"
"2013/10/07","21.6100","109510.0000","20.7300","21.7500","20.7300"
"2013/10/04","20.5700","137917.0000","20.2200","20.6790","20.2100"
"2013/10/03","19.7100","30336.0000","19.6000","19.9100","19.6000"
"2013/10/02","19.5200","23670.0000","19.4300","19.5399","19.2700"
"2013/10/01","19.7100","50044.0000","19.2500","19.8790","19.2000"
"2013/09/30","19.3000","23326.0000","19.2800","19.3000","19.0101"
"2013/09/27","19.6200","22361.0000","19.4000","19.7000","19.4000"
"2013/09/26","19.4600","15242.0000","19.5800","19.6000","19.3744"
"2013/09/25","19.5200","53373.0000","19.1700","19.6800","19.0500"
"2013/09/24","19.3200","47623.0000","19.0100","19.4900","19.0100"
"2013/09/23","18.8100","22894.0000","18.6000","18.9200","18.6000"
"2013/09/20","18.7500","41989.0000","19.2000","19.2000","18.7500"
"2013/09/19","19.4400","50287.0000","19.5700","19.6200","19.3200"
"2013/09/18","19.5000","42931.0000","18.8700","19.5000","18.5900"
"2013/09/17","18.9600","18903.0000","18.9000","18.9600","18.7800"
"2013/09/16","18.7400","92562.0000","18.7400","18.8200","18.4900"
"2013/09/13","18.6799","30838.0000","18.4600","18.7280","18.3900"
"2013/09/12","18.6600","68234.0000","18.4600","18.7300","18.4600"
"2013/09/11","18.6700","117476.0000","18.3200","18.7700","18.2550"
"2013/09/10","18.4400","116113.0000","18.7200","18.8200","18.4400"
"2013/09/09","18.3300","219797.0000","18.0000","18.3400","17.9900"
"2013/09/06","17.6900","132859.0000","17.5900","17.7400","17.4700"
"2013/09/05","17.4900","133114.0000","17.5100","17.5100","17.2534"
"2013/09/04","17.4400","35239.0000","17.0200","17.4900","17.0200"
"2013/09/03","17.1800","55074.0000","16.9500","17.3300","16.7500"
"2013/08/30","16.6000","15202.0000","16.6100","16.8700","16.4600"
"2013/08/29","16.8900","18472.0000","16.7800","16.9000","16.5900"
"2013/08/28","16.4300","29247.0000","16.2900","16.5600","16.2900"
"2013/08/27","16.3600","35802.0000","16.6500","16.6720","16.2600"
"2013/08/26","17.2200","10166.0000","17.0500","17.2999","17.0500"
"2013/08/23","17.3600","23372.0000","17.2500","17.3800","17.0900"
"2013/08/22","16.9100","26975.0000","16.7500","16.9100","16.6700"
"2013/08/21","16.7500","61056.0000","17.0000","17.0500","16.5500"
"2013/08/20","17.0000","56513.0000","16.7500","17.1200","16.7500"
"2013/08/19","16.9200","203563.0000","17.6100","17.6100","16.7100"
"2013/08/16","17.8500","134316.0000","17.5800","17.9190","17.5800"
"2013/08/15","17.5000","81919.0000","17.8200","17.8200","17.3300"
"2013/08/14","17.9700","20397.0000","18.0400","18.0500","17.8200"
"2013/08/13","18.0801","57001.0000","18.3200","18.4300","17.7700"
"2013/08/12","18.3600","87000.0000","18.4100","18.4500","18.2301"
"2013/08/09","18.3600","54908.0000","18.0000","18.4100","18.0000"
"2013/08/08","18.1500","164519.0000","17.9100","18.1700","17.0000"
"2013/08/07","17.5600","41306.0000","17.5000","17.6400","17.3000"
"2013/08/06","17.2800","41058.0000","17.3500","17.4800","17.1799"
"2013/08/05","17.3900","37800.0000","17.3800","17.5290","17.0100"
"2013/08/02","17.4500","133070.0000","17.1000","17.5700","17.0800"
"2013/08/01","16.8100","115067.0000","16.8500","17.0900","16.6000"
"2013/07/31","16.4600","51214.0000","16.3800","16.7700","16.3800"
"2013/07/30","16.2800","45104.0000","16.4400","16.4400","16.0710"
"2013/07/29","16.5000","71515.0000","16.4900","16.8453","16.3980"
"2013/07/26","16.2000","56977.0000","15.9500","16.3390","15.9500"
"2013/07/25","15.8900","26370.0000","15.8300","15.9400","15.7204"
"2013/07/24","15.8000","24937.0000","15.7500","15.9400","15.6210"
"2013/07/23","15.6900","67550.0000","15.9600","15.9600","15.3900"
"2013/07/22","15.7000","19695.0000","15.6000","15.7600","15.6000"
"2013/07/19","15.6700","25524.0000","15.6400","15.7690","15.5000"
"2013/07/18","15.7600","66972.0000","15.5300","15.8200","15.5200"
"2013/07/17","15.3800","11352.0000","15.4100","15.5232","15.2900"
"2013/07/16","15.2000","40544.0000","14.9400","15.3400","14.9400"
"2013/07/15","14.8200","95987.0000","15.0700","15.0700","14.6500"
"2013/07/12","15.1100","28022.0000","15.2200","15.2300","15.0500"
"2013/07/11","15.2400","52825.0000","15.2800","15.3600","15.0500"
"2013/07/10","15.2500","95464.0000","15.2000","15.3100","14.9000"
"2013/07/09","15.3000","76405.0000","15.6500","15.7490","15.2800"
"2013/07/08","15.6800","93402.0000","15.3500","15.8500","15.3500"
"2013/07/05","15.1700","21166.0000","15.4000","15.4000","15.0100"
"2013/07/03","15.0500","37150.0000","14.7800","15.2024","14.7800"
"2013/07/02","15.0500","94403.0000","15.3400","15.3400","14.8820"
"2013/07/01","15.5000","47992.0000","15.2900","15.8000","15.2900"
"2013/06/28","15.5000","103279.0000","14.9100","15.6700","14.9100"
"2013/06/27","14.9000","108411.0000","14.7800","15.0000","14.5000"
"2013/06/26","15.0199","119212.0000","15.2100","15.2158","14.7920"
"2013/06/25","15.3700","68110.0000","15.1500","15.4320","15.0200"
"2013/06/24","14.7700","254241.0000","14.5900","14.9000","14.1101"
"2013/06/21","14.8800","179797.0000","15.3500","15.4899","14.3200"
"2013/06/20","15.3200","81145.0000","16.0000","16.0800","15.2700"
"2013/06/19","16.5000","38700.0000","16.3000","17.1700","16.3000"
"2013/06/18","16.5800","76920.0000","16.7300","17.0900","16.5300"
"2013/06/17","16.4300","53530.0000","16.7700","16.7700","16.4100"
"2013/06/14","16.4500","147639.0000","16.8700","17.2400","16.1600"
"2013/06/13","16.4400","76575.0000","15.9800","16.9700","15.9800"
"2013/06/12","15.8700","101077.0000","16.3400","16.3400","15.7200"
"2013/06/11","16.4800","145193.0000","16.8500","16.8500","16.4201"
"2013/06/10","17.2500","47839.0000","17.7100","17.7900","17.1500"
"2013/06/07","17.9300","73505.0000","17.8900","18.1800","17.6400"
"2013/06/06","17.6100","90505.0000","17.1400","17.6900","17.1400"
"2013/06/05","17.1800","75712.0000","17.2700","17.8000","17.1600"
"2013/06/04","17.3800","198371.0000","17.5900","17.8000","17.2500"
"2013/06/03","18.3700","209162.0000","17.5300","18.3800","17.5300"
"2013/05/31","17.6700","178793.0000","18.2600","18.6100","17.6700"
"2013/05/30","17.8800","187308.0000","18.6100","18.6100","17.7500"
"2013/05/29","19.0300","93651.0000","18.9700","19.1400","18.7700"
"2013/05/28","19.3500","87179.0000","19.7000","19.7000","19.1010"
"2013/05/24","19.5398","55950.0000","19.0900","19.6500","19.0900"
"2013/05/23","19.4500","239362.0000","19.0100","19.6200","18.6500"
"2013/05/22","19.5900","145741.0000","20.0700","20.1000","19.5500"
"2013/05/21","20.0800","174495.0000","19.9700","20.1900","19.6200"
"2013/05/20","20.4800","621260.0000","21.7500","21.8000","20.3300"
"2013/05/17","22.3600","472903.0000","21.9400","22.6300","21.8400"
"2013/05/16","21.2852","594597.0000","20.8000","21.6600","20.7962"
"2013/05/15","20.9400","181245.0000","20.5000","20.9900","20.2900"
"2013/05/14","20.0952","349451.0000","19.5800","20.2000","19.5200"
"2013/05/13","19.6600","309247.0000","19.5500","19.8500","19.3500"
"2013/05/10","18.9800","46051.0000","19.2100","19.3000","18.8100"
"2013/05/09","19.3400","236814.0000","19.7200","19.8100","19.2800"
"2013/05/08","19.4900","227350.0000","19.1600","19.5100","19.1500"
"2013/05/07","18.4800","75067.0000","18.4800","18.9500","18.3400"
"2013/05/06","18.4200","32636.0000","18.4400","18.5189","18.0301"
"2013/05/03","18.2900","64297.0000","17.9900","18.4500","17.9900"
"2013/05/02","17.9000","44632.0000","17.6100","17.9700","17.0700"
"2013/05/01","17.4101","43774.0000","18.1900","18.1900","17.4101"
"2013/04/30","17.3500","16230.0000","17.5700","17.5700","17.0600"
"2013/04/29","17.4300","24861.0000","17.1800","17.7380","17.1800"
"2013/04/26","17.3400","19064.0000","17.4000","17.4799","17.1400"
"2013/04/25","17.3600","15293.0000","17.0000","17.3700","17.0000"
"2013/04/24","16.6700","8659.0000","16.5900","16.7000","16.5500"
"2013/04/23","16.3200","13772.0000","16.3500","16.6399","16.2800"
"2013/04/22","16.6990","19602.0000","16.7500","16.7500","16.3000"
"2013/04/19","16.1000","11459.0000","16.1100","16.2900","15.9501"
"2013/04/18","16.0600","21621.0000","16.1300","16.2700","15.9430"
"2013/04/17","15.7500","48596.0000","16.1000","16.3080","15.6900"
"2013/04/16","16.2000","81416.0000","15.8900","16.3000","15.8800"
"2013/04/15","16.1050","41306.0000","16.4900","16.4900","16.0200"
"2013/04/12","16.6900","22860.0000","16.6900","16.7393","16.4000"
"2013/04/11","16.8500","52913.0000","16.6700","16.9100","16.3600"
"2013/04/10","16.1400","56102.0000","15.8000","16.1800","15.7690"
"2013/04/09","15.6199","102846.0000","15.3800","15.7382","15.2200"
"2013/04/08","14.4500","34317.0000","14.3600","14.4600","14.2800"
"2013/04/05","14.3100","39545.0000","14.4200","14.5100","14.2700"
"2013/04/04","14.3300","253342.0000","14.6900","14.6900","14.2200"
"2013/04/03","14.2900","143021.0000","14.6300","14.7000","14.2110"
"2013/04/02","14.5000","58328.0000","14.4000","14.7000","14.2010"
"2013/04/01","14.4000","84197.0000","14.9300","15.0200","14.3710"
"2013/03/28","14.9000","41888.0000","14.9400","15.0000","14.8010"
"2013/03/27","14.6500","76558.0000","14.8400","14.8400","14.2900"
"2013/03/26","15.4000","40708.0000","15.7900","15.7900","15.4000"
"2013/03/25","16.1500","46233.0000","16.7600","17.0100","16.1400"
"2013/03/22","16.5000","15696.0000","16.0800","16.6899","16.0800"
"2013/03/21","16.1900","27962.0000","16.7400","16.9700","16.0700"
"2013/03/20","16.4600","40482.0000","16.2300","16.5400","16.2300"
"2013/03/19","16.0360","53795.0000","16.5600","16.7600","15.9600"
"2013/03/18","16.7200","68858.0000","16.9900","16.9900","16.7100"
"2013/03/15","17.3500","13037.0000","17.5000","17.9700","17.3500"
"2013/03/14","17.3500","12281.0000","17.4400","17.4400","17.2200"
"2013/03/13","17.5200","17509.0000","17.2200","17.6000","17.2200"
"2013/03/12","16.9900","15827.0000","17.0000","17.1680","16.9900"
"2013/03/11","16.8900","40079.0000","17.2200","17.2200","16.8400"
"2013/03/08","17.4300","18714.0000","17.0400","17.4700","17.0400"
"2013/03/07","17.0604","59802.0000","17.3200","17.3200","16.9700"
"2013/03/06","17.4600","27114.0000","17.8000","17.8000","17.4300"
"2013/03/05","17.7800","15984.0000","17.8200","17.8600","17.7600"
"2013/03/04","17.8180","27285.0000","17.9000","17.9099","17.7500"
"2013/03/01","18.3200","38000.0000","18.3500","18.3500","17.9400"
"2013/02/28","18.6500","20367.0000","18.7200","18.7900","18.4000"
"2013/02/27","18.8800","26264.0000","18.2500","18.8800","18.2500"
"2013/02/26","18.2500","74844.0000","18.1200","18.4660","17.9900"
"2013/02/25","17.5200","141078.0000","19.0900","19.0900","17.5200"
"2013/02/22","19.0900","18301.0000","18.8000","19.1300","18.8000"
"2013/02/21","18.5701","134415.0000","19.2300","19.2300","18.5200"
"2013/02/20","19.7400","17050.0000","19.6300","20.1600","19.6300"
"2013/02/19","20.0100","50715.0000","19.9500","20.1900","19.8301"
"2013/02/15","19.7700","19772.0000","19.9500","20.1699","19.6100"
"2013/02/14","19.6800","18394.0000","19.7500","19.9000","19.5900"
"2013/02/13","19.7460","27836.0000","19.9100","19.9599","19.6901"
"2013/02/12","20.1400","38702.0000","19.6000","20.1900","19.6000"
"2013/02/11","19.3800","26119.0000","19.7000","19.7000","19.3300"
"2013/02/08","19.9300","45816.0000","19.9800","20.2695","19.6000"
"2013/02/07","19.9800","46168.0000","20.2600","20.2900","19.5100"
"2013/02/06","20.1900","30935.0000","19.9000","20.3100","19.9000"
"2013/02/05","19.7120","40682.0000","19.4000","19.8890","19.4000"
"2013/02/04","19.0000","39496.0000","19.4500","19.6200","18.9701"
"2013/02/01","19.4000","37464.0000","19.0700","19.5500","19.0700"
"2013/01/31","19.0400","48739.0000","19.3700","19.4499","19.0000"
"2013/01/30","19.5200","8423.0000","19.7000","19.7000","19.4000"
"2013/01/29","19.7100","20694.0000","19.4900","19.7100","19.0300"
"2013/01/28","19.7600","41965.0000","19.8900","19.8900","19.6280"
"2013/01/25","19.8600","25066.0000","19.5000","19.8999","19.5000"
"2013/01/24","19.0800","112346.0000","19.3500","19.3500","18.7700"
"2013/01/23","19.7900","81874.0000","19.6000","19.7900","19.5581"
"2013/01/22","19.3200","46112.0000","19.0700","19.3500","19.0700"
"2013/01/18","18.7900","29519.0000","18.9600","18.9700","18.7200"
"2013/01/17","18.7000","22840.0000","18.6700","18.7000","18.5600"
"2013/01/16","18.4855","7917.0000","18.6900","18.6900","18.3600"
"2013/01/15","18.4900","39079.0000","18.7500","18.7500","18.1700"
"2013/01/14","18.8800","24996.0000","19.3000","19.3000","18.6000"
"2013/01/11","19.2300","32929.0000","18.8000","19.2699","18.7200"
"2013/01/10","18.9000","147665.0000","18.9700","18.9700","18.5500"
"2013/01/09","18.7900","33608.0000","19.0200","19.0200","18.7101"
"2013/01/08","18.9281","22180.0000","19.2100","19.2900","18.8000"
"2013/01/07","18.8799","28011.0000","19.0900","19.0900","18.6101"
"2013/01/04","18.7400","35200.0000","18.5000","18.7400","18.4300"
"2013/01/03","18.3100","66320.0000","18.5700","18.5700","18.1900"
"2013/01/02","18.4100","97230.0000","18.4900","18.5286","18.1000"
"2012/12/31","18.0600","26222.0000","17.4000","18.0700","17.4000"
"2012/12/28","17.5580","8915.0000","17.8700","17.8700","17.4000"
"2012/12/27","17.8700","16845.0000","17.9500","18.2100","17.6300"
"2012/12/26","17.5108","21961.0000","17.8800","17.8800","17.4500"
"2012/12/24","17.6200","5620.0000","17.8300","17.8520","17.6200"
"2012/12/21","17.5700","28678.0000","17.6200","17.6799","17.0100"
"2012/12/20","17.4500","41009.0000","17.4400","17.5300","17.2520"
"2012/12/19","17.3100","39642.0000","17.5100","17.5100","17.1999"
"2012/12/18","16.6101","34343.0000","16.3600","16.7699","16.2710"
"2012/12/17","16.5600","25489.0000","16.4500","16.7000","16.0100"
"2012/12/14","16.9600","29516.0000","16.8700","17.2790","16.7500"
"2012/12/13","16.6000","24994.0000","16.6800","16.8885","16.4300"
"2012/12/12","17.0000","24361.0000","17.1500","17.1900","16.8300"
"2012/12/11","16.9500","36454.0000","16.6400","16.9800","16.6400"
"2012/12/10","16.3700","15035.0000","16.2501","16.3900","16.2501"
"2012/12/07","16.0000","10424.0000","16.0500","16.2000","16.0000"
"2012/12/06","16.1000","20788.0000","16.1200","16.3400","16.0700"
"2012/12/05","16.0162","25482.0000","15.8800","16.2088","15.8800"
"2012/12/04","15.8600","17467.0000","15.7800","15.9400","15.7600"
"2012/12/03","15.9300","22412.0000","15.7600","16.1500","15.7401"
"2012/11/30","15.6300","37276.0000","15.7700","15.8000","15.4700"
"2012/11/29","15.8500","25856.0000","15.8500","15.9000","15.6900"
"2012/11/28","15.9500","97407.0000","15.8300","16.0500","15.5800"
"2012/11/27","16.5200","52154.0000","17.1900","17.1900","16.4400"
"2012/11/26","16.9980","17003.0000","17.1500","17.1600","16.8600"
"2012/11/23","17.0400","30860.0000","16.7000","17.1000","16.6780"
"2012/11/21","16.2400","9497.0000","16.4800","16.4800","16.1601"
"2012/11/20","16.2300","9351.0000","16.2300","16.3180","15.8100"
"2012/11/19","16.2800","36988.0000","16.0500","16.4300","15.8901"
"2012/11/16","15.4800","4051.0000","15.3599","15.4900","15.0900"
"2012/11/15","15.3599","13788.0000","15.1700","15.5300","15.0800"
"2012/11/14","15.3500","47343.0000","15.5200","15.6500","15.2100"
"2012/11/13","15.1900","15447.0000","14.8500","15.3000","14.6300"
"2012/11/12","15.1100","41014.0000","15.4500","15.5864","14.9500"
"2012/11/09","16.1000","274069.0000","15.0840","16.1200","15.0840"
"2012/11/08","15.4400","73457.0000","16.0800","16.0800","15.4100"
"2012/11/07","16.6000","35445.0000","16.7600","16.7700","16.2500"
"2012/11/06","16.7100","29967.0000","16.5700","16.8000","16.5700"
"2012/11/05","16.5500","304215.0000","16.1800","16.7600","16.0525"
"2012/11/02","15.9300","41427.0000","15.7200","16.1100","15.6700"
"2012/11/01","15.1110","141018.0000","15.7800","15.7800","15.0101"
"2012/10/31","16.1800","132933.0000","16.9800","17.0000","15.8400"
"2012/10/26","18.1600","33579.0000","18.1800","18.4100","18.1000"
"2012/10/25","18.3000","59224.0000","18.4700","18.5400","18.1500"
"2012/10/24","18.4000","81832.0000","18.4000","18.7799","18.3000"
"2012/10/23","18.1100","130624.0000","18.8500","18.8500","18.0600"
"2012/10/22","18.8000","163616.0000","18.8100","19.0000","18.5900"
"2012/10/19","18.0500","104108.0000","17.9200","18.3300","17.8901"
"2012/10/18","17.9200","38225.0000","18.0200","18.1730","17.8200"
"2012/10/17","18.2000","76950.0000","17.6200","18.2200","17.6200"
"2012/10/16","17.5440","62623.0000","17.0200","17.5800","17.0100"
"2012/10/15","16.9500","423343.0000","16.7300","17.0000","16.5600"
"2012/10/12","16.3800","27807.0000","16.4000","16.6900","16.1200"
"2012/10/11","15.9800","11846.0000","15.6500","16.2100","15.6100"
"2012/10/10","15.6700","22717.0000","15.9800","16.1300","15.6000"
"2012/10/09","16.2200","37807.0000","16.9300","16.9300","16.2200"
"2012/10/08","16.7900","53227.0000","16.8600","16.8600","16.3300"
"2012/10/05","16.8880","184756.0000","16.7100","17.3000","16.7100"
"2012/10/04","15.7000","44325.0000","15.7200","15.7800","15.5900"
"2012/10/03","15.4600","128048.0000","15.4900","15.5700","15.4100"
"2012/10/02","15.3800","97794.0000","15.1200","15.5000","15.0000"
"2012/10/01","14.7150","58954.0000","14.9100","15.1000","14.7010"
"2012/09/28","14.6400","22166.0000","14.7200","14.7900","14.5500"
"2012/09/27","15.0400","20068.0000","14.7100","15.0800","14.6920"
"2012/09/26","14.6900","24113.0000","14.8000","14.8080","14.6100"
"2012/09/25","14.7400","51971.0000","14.9300","15.1300","14.7000"
"2012/09/24","15.0000","50859.0000","15.4400","15.4400","14.8800"
"2012/09/21","15.5200","47124.0000","15.7700","15.7700","15.5001"
"2012/09/20","15.4090","24098.0000","15.4700","15.4700","15.2500"
"2012/09/19","15.5200","60133.0000","15.5400","15.6000","15.3239"
"2012/09/18","15.5100","46512.0000","15.0700","15.7500","15.0700"
"2012/09/17","15.0670","18606.0000","15.3900","15.4500","15.0101"
"2012/09/14","15.2200","55665.0000","15.4000","15.5300","15.0500"
"2012/09/13","15.5550","127665.0000","15.9600","15.9700","14.8400"
"2012/09/12","15.7700","86244.0000","15.2300","15.9999","15.2200"
"2012/09/11","14.9700","127594.0000","14.3000","15.0300","14.1480"
"2012/09/10","14.3700","133224.0000","14.0200","14.5100","14.0000"
"2012/09/07","13.7599","157606.0000","13.5000","13.7900","13.4100"
"2012/09/06","13.2299","184346.0000","13.1100","13.3490","12.9535"
"2012/09/05","13.0300","68057.0000","12.5000","13.1100","12.4900"
"2012/09/04","12.3900","42109.0000","12.2500","12.4499","12.1500"
"2012/08/31","12.1388","14748.0000","12.0971","12.3000","12.0900"
"2012/08/30","11.8800","14020.0000","11.9500","12.1875","11.8200"
"2012/08/29","12.0700","24950.0000","12.2500","12.2500","12.0000"
"2012/08/28","12.0400","76126.0000","12.2100","12.3750","12.0000"
"2012/08/27","12.2100","22740.0000","12.3800","12.3800","12.2100"
"2012/08/24","12.3600","12218.0000","12.2000","12.3700","12.0200"
"2012/08/23","12.0000","24175.0000","12.2500","12.3000","12.0000"
"2012/08/22","12.2500","16984.0000","12.3100","12.3100","12.1500"
"2012/08/21","12.2300","23077.0000","12.1800","12.3600","12.1101"
"2012/08/20","11.8300","42881.0000","11.9700","11.9900","11.7290"
"2012/08/17","12.1300","103061.0000","11.9200","12.1500","11.9000"
"2012/08/16","11.9325","9014.0000","11.6000","11.9325","11.5100"
"2012/08/15","11.3700","2800.0000","11.5700","11.5700","11.3700"
"2012/08/14","11.5000","7000.0000","11.7500","11.7500","11.5000"
"2012/08/13","11.5694","16416.0000","11.8000","11.8400","11.5200"
"2012/08/10","11.5000","3900.0000","11.4000","11.6400","11.2500"
"2012/08/09","11.3900","5171.0000","11.6400","11.9900","11.3900"
"2012/08/08","11.4100","7597.0000","11.9700","11.9700","11.4100"
"2012/08/07","11.8000","4275.0000","11.7300","11.8900","11.6100"
"2012/08/06","11.4699","8710.0000","11.4600","11.6600","11.3200"
"2012/08/03","11.2200","17358.0000","10.9300","11.5300","10.9300"
"2012/08/02","10.7800","19236.0000","11.1300","11.1300","10.5900"
"2012/08/01","11.1696","13919.0000","10.8100","11.8400","10.4600"
"2012/07/31","10.8800","2089.0000","11.0200","11.0700","10.8800"
"2012/07/30","11.0700","23480.0000","11.4210","11.4290","11.0400"
"2012/07/27","10.9100","6522.0000","11.0600","12.0000","10.8240"
"2012/07/26","10.8000","13600.0000","10.8000","11.0699","10.7500"
"2012/07/25","10.5500","31440.0000","10.4800","10.8900","10.4700"
"2012/07/24","10.5192","5550.0000","10.6600","10.7380","10.4405"
"2012/07/23","10.7860","28072.0000","11.1000","11.2990","10.4500"
"2012/07/20","11.6700","13893.0000","11.6500","11.7000","11.3300"
"2012/07/19","11.7400","26580.0000","11.9700","12.0200","11.6300"
"2012/07/18","11.6700","7566.0000","11.7000","11.7100","11.5300"
"2012/07/17","11.6500","9385.0000","11.7900","11.9000","11.2500"
"2012/07/16","11.8600","19650.0000","11.8300","11.9000","11.5500"
"2012/07/13","11.6388","4753.0000","11.6887","11.8200","11.6000"
"2012/07/12","11.2800","56721.0000","11.2800","11.3200","10.9500"
"2012/07/11","11.1225","10835.0000","11.1100","11.9500","11.1100"
"2012/07/10","11.3900","66700.0000","11.5600","11.5600","11.2872"
"2012/07/09","11.8300","5480.0000","11.9600","12.0900","11.8300"
"2012/07/06","11.9900","13615.0000","12.0043","12.0164","11.6100"
"2012/07/05","12.0800","21334.0000","12.0975","12.2099","11.9613"
"2012/07/03","11.8600","3180.0000","12.0400","12.0800","11.8510"
"2012/07/02","12.0000","23272.0000","12.3800","12.3800","11.5700"
"2012/06/29","12.1000","29596.0000","12.0900","12.2299","11.8101"
"2012/06/28","11.0700","7870.0000","11.3600","11.4000","10.9700"
"2012/06/27","11.1700","14500.0000","11.1000","11.2560","11.1000"
"2012/06/26","11.1000","14540.0000","11.0000","11.1000","10.8709"
"2012/06/25","11.0000","16010.0000","11.5000","11.7200","10.7820"
"2012/06/22","11.8800","17070.0000","11.7400","12.0100","11.7301"
"2012/06/21","11.7100","84767.0000","12.2170","12.2800","11.7100"
"2012/06/20","12.0600","43246.0000","12.0900","12.1500","11.6100"
"2012/06/19","12.2300","43938.0000","11.9980","12.4100","11.9720"
"2012/06/18","11.5500","86418.0000","11.8600","12.0000","11.4280"
"2012/06/15","11.8400","149739.0000","11.0000","11.9200","10.9700"
"2012/06/14","10.8900","63101.0000","10.3400","10.8900","10.3400"
"2012/06/13","9.6800","47138.0000","9.3700","9.7200","9.3700"
"2012/06/12","9.4100","11472.0000","9.4400","9.5900","9.2300"
"2012/06/11","9.2700","20076.0000","9.7200","9.7200","9.2322"
"2012/06/08","9.4991","4277.0000","9.2900","9.5000","9.1000"
"2012/06/07","9.1400","7427.0000","9.4400","9.4500","9.1400"
"2012/06/06","9.2390","33962.0000","9.1050","9.6850","9.0600"
"2012/06/05","8.8500","39530.0000","8.9600","9.0500","8.7800"
"2012/06/04","9.3500","18435.0000","9.2500","9.4892","9.2400"
"2012/06/01","9.1900","38965.0000","9.5000","9.8000","9.0910"
"2012/05/31","9.6974","6870.0000","9.7300","9.8700","9.5900"
"2012/05/30","9.5000","29668.0000","10.0100","10.0100","9.5000"
"2012/05/29","9.9900","34760.0000","9.8700","10.0600","9.8500"
"2012/05/25","9.4200","45231.0000","9.7300","9.9000","9.2500"
"2012/05/24","9.7000","33399.0000","9.8200","9.8500","9.5800"
"2012/05/23","10.2200","74525.0000","10.2600","10.2900","9.9100"
"2012/05/22","10.3500","62067.0000","10.7000","10.7000","10.3200"
"2012/05/21","10.7000","3586.0000","11.4200","11.4200","10.4680"
"2012/05/18","10.7200","30022.0000","11.0000","12.5000","10.5192"
"2012/05/17","10.3500","29358.0000","10.5000","10.5800","10.2500"
"2012/05/16","10.7067","24238.0000","11.0000","11.0000","10.6500"
"2012/05/15","11.1100","60118.0000","11.6700","11.6700","11.0500"
"2012/05/14","11.6500","33044.0000","11.9900","12.2490","11.6500"
"2012/05/11","12.4825","36044.0000","12.5200","12.5200","12.3000"
"2012/05/10","12.7100","6850.0000","13.0111","13.0111","12.3600"
"2012/05/09","12.3900","2639.0000","12.3500","12.6000","12.2500"
"2012/05/08","12.6600","24674.0000","12.7500","12.7500","12.1100"
"2012/05/07","13.2999","28663.0000","12.9100","13.3600","12.9100"
"2012/05/04","14.2000","1230.0000","14.1400","14.2000","14.0000"
"2012/05/03","14.0300","9756.0000","14.0600","14.1100","13.9500"
"2012/05/02","14.1700","8228.0000","14.4400","14.4400","13.7010"
"2012/05/01","14.7000","361.0000","14.2500","14.7000","14.2500"
"2012/04/30","14.5300","518.0000","14.5999","14.5999","14.5300"
"2012/04/27","14.4100","3600.0000","14.4500","14.4500","14.2500"
"2012/04/26","14.7300","0.0000","14.7300","14.7300","14.7300"
"2012/04/25","14.7300","745.0000","14.7799","14.7799","14.7300"
"2012/04/24","14.6200","0.0000","14.6200","14.6200","14.6200"
"2012/04/23","14.6200","2150.0000","14.5000","14.6200","14.5000"
"2012/04/20","14.8900","600.0000","14.8800","14.8900","14.8800"
"2012/04/19","14.7900","1150.0000","14.7700","14.7900","14.6400"
"2012/04/18","15.3000","2898.0000","15.2100","15.3956","15.1800"
"2012/04/17","15.6060","8550.0000","15.1000","15.6100","15.1000"
"2012/04/16","15.0100","1535.0000","14.9000","15.2600","14.9000"
"2012/04/13","14.8500","5920.0000","14.9200","15.0100","14.7200"
"2012/04/12","15.2700","3010.0000","14.9600","15.6200","14.9600"
"2012/04/11","15.0200","700.0000","15.2900","15.2900","15.0100"
"2012/04/10","15.1600","12945.0000","15.0200","15.5000","15.0200"
"2012/04/09","14.5500","4626.0000","14.6000","14.6400","14.3436"
"2012/04/05","14.8200","9069.0000","14.8900","14.9400","14.3700"
"2012/04/04","14.3730","9547.0000","15.0800","15.0800","14.3000"
"2012/04/03","14.8390","4156.0000","15.1300","15.2900","14.8390"
"2012/04/02","15.2800","20385.0000","15.1800","15.3300","15.1800"
"2012/03/30","15.6600","2632.0000","15.5000","15.6600","15.5000"
"2012/03/29","15.7100","1410.0000","15.7030","15.7600","15.7000"
"2012/03/28","15.9680","8202.0000","16.1000","16.3000","15.8310"
"2012/03/27","16.5000","9275.0000","16.6000","16.7000","16.3200"
"2012/03/26","17.1000","5190.0000","16.8900","17.1000","16.8900"
"2012/03/23","16.8500","397.0000","16.7800","16.8500","16.7800"
"2012/03/22","16.9799","1518.0000","16.5500","16.9800","16.5500"
"2012/03/21","16.8400","6152.0000","17.2600","17.2600","16.7900"
"2012/03/20","17.3180","8225.0000","17.4000","17.4000","17.1400"
"2012/03/19","17.4700","8303.0000","17.0000","17.5900","17.0000"
"2012/03/16","16.7000","6200.0000","16.5800","16.9400","16.5800"
"2012/03/15","16.3800","6091.0000","16.1900","16.5000","16.1100"
"2012/03/14","16.0701","30076.0000","16.4400","16.6500","16.0701"
"2012/03/13","16.4500","13013.0000","16.1000","16.5000","15.7100"
"2012/03/12","16.3000","1757.0000","16.7000","16.7000","16.1940"
"2012/03/09","16.9700","8588.0000","17.6600","17.6600","16.8632"
"2012/03/08","17.6610","9063.0000","17.7200","17.7200","16.9300"
"2012/03/07","16.9500","9815.0000","16.6000","17.1800","16.6000"
"2012/03/06","16.5953","18946.0000","16.7000","17.2600","16.5953"
"2012/03/05","16.3008","1880.0000","16.7000","16.7000","16.2508"
"2012/03/02","16.8500","2738.0000","16.8700","17.1592","16.7100"
"2012/03/01","16.8600","16778.0000","16.9400","17.2100","16.8500"
"2012/02/29","17.0000","9038.0000","17.0000","17.2500","17.0000"
"2012/02/28","16.3700","10975.0000","16.9000","16.9000","16.3300"
"2012/02/27","17.1500","6425.0000","17.0000","17.4763","17.0000"
"2012/02/24","17.2000","7914.0000","17.0001","17.5610","17.0001"
"2012/02/23","17.0900","3885.0000","17.0000","17.1000","16.5500"
"2012/02/22","17.0200","12484.0000","17.8500","17.8500","17.0000"
"2012/02/21","18.5600","19472.0000","19.1000","19.1000","18.3300"
"2012/02/17","19.4000","63049.0000","18.9600","19.5999","18.9600"
"2012/02/16","18.1500","6095.0000","17.5000","18.1700","17.2200"
"2012/02/15","17.5690","17430.0000","18.4600","18.4600","17.3400"
"2012/02/14","18.8200","5776.0000","19.4900","19.4900","18.7100"
"2012/02/13","19.3100","12950.0000","19.7200","19.9300","18.9310"
"2012/02/10","17.9900","16727.0000","18.5200","18.5200","17.5800"
"2012/02/09","19.2100","28872.0000","19.6200","19.8600","18.8800"
"2012/02/08","19.1600","8022.0000","19.4000","19.5300","19.1000"
"2012/02/07","19.3900","49580.0000","18.9000","19.5400","18.9000"
"2012/02/06","18.3100","20433.0000","18.2000","18.4900","17.9800"
"2012/02/03","17.6900","38613.0000","17.8000","17.8000","17.5001"
"2012/02/02","18.7568","13329.0000","18.8900","18.9000","18.5300"
"2012/02/01","19.0000","13355.0000","19.4100","19.4100","18.8800"
"2012/01/31","19.2000","14355.0000","18.3801","19.2760","18.3801"
"2012/01/30","17.4200","3799.0000","17.4000","17.6000","17.2000"
"2012/01/27","17.4000","4700.0000","17.2500","17.7000","17.2500"
"2012/01/26","17.3500","2000.0000","17.9950","18.0200","17.0400"
"2012/01/25","16.5100","5100.0000","16.1200","16.5100","16.0100"
"2012/01/24","15.2100","5915.0000","15.8500","15.8800","15.2100"
"2012/01/23","16.0100","14833.0000","16.3900","16.3900","15.8500"
"2012/01/20","15.1500","10000.0000","15.1000","15.2700","14.9500"
"2012/01/19","14.6000","10048.0000","14.5000","14.7400","14.5000"
"2012/01/18","14.1000","6442.0000","14.0000","14.2999","13.9000"
"2012/01/17","13.5399","12937.0000","13.6800","13.7700","13.0880"
"2012/01/13","13.0100","1235.0000","12.8040","13.0100","12.8040"
"2012/01/12","12.9900","5460.0000","12.7500","13.1100","12.7500"
"2012/01/11","12.7800","1300.0000","12.8500","12.8500","12.7800"
"2012/01/10","12.7000","1505.0000","12.8000","12.8100","12.7000"
"2012/01/09","12.9700","2900.0000","13.5000","13.5000","12.9200"
"2012/01/06","13.5000","0.0000","13.5000","13.5000","13.5000"
"2012/01/05","13.5000","1200.0000","13.2600","13.5000","13.2600"
"2012/01/04","13.7500","2000.0000","13.7500","13.7500","13.7500"
"2012/01/03","14.1800","2575.0000","14.0000","14.2000","13.8301"
"2011/12/30","14.0212","750.0000","14.4000","14.4000","14.0212"
"2011/12/29","13.7900","0.0000","13.7900","13.7900","13.7900"
"2011/12/28","13.7900","698.0000","13.7000","13.7900","13.7000"
"2011/12/27","14.1500","1350.0000","14.2620","14.2620","14.1500"
"2011/12/23","14.1660","2133.0000","13.8500","14.1660","13.8500"
"2011/12/22","13.9700","2100.0000","14.3300","14.3300","13.9700"
"2011/12/21","14.0400","500.0000","14.0400","14.0400","14.0400"
"2011/12/20","13.8000","3300.0000","14.0900","14.0900","13.8000"
"2011/12/19","13.6600","4324.0000","13.6400","14.4600","13.4600"
"2011/12/16","13.7300","10998.0000","14.0000","14.0800","13.3000"
"2011/12/15","13.9900","3800.0000","13.9500","13.9900","13.9500"
"2011/12/14","13.8500","580.0000","13.9800","13.9800","13.6000"
"2011/12/13","14.1100","7900.0000","14.9300","14.9300","14.0000"
"2011/12/12","14.2200","8090.0000","14.8000","14.8000","14.1700"
"2011/12/09","14.8028","1925.0000","14.7100","14.8880","14.7100"
"2011/12/08","14.7600","3450.0000","14.9500","14.9800","14.7500"
